entity_id,company_name,ticker,current_quarter,tone_category,sentiment_score,key_nlp_signals,investor_insights,summary,qq_delta,qq_change,qq_explanation,qq_prior_score,yoy_delta,yoy_change,yoy_explanation,yoy_prior_score
00067A,Humana Inc.,HUM,Q1 2026,Bullish,0.28,"High frequency of positive/affirming financial and performance terms (e.g., pleased, solid start, on track, confident, strong early start, disciplined, comfortable, prudent buffer, great progress, very confident).; Strong forward-looking commitment language with explicit targets and timeframes (e.g., returning to sustainable margin of at least 3% in 2028, progress in 2027, expect to double individual MA margin in 2026, unlock earnings potential by 2028).; Moderate hedging/uncertainty used selectively around external thresholds and outcomes (e.g., cannot guarantee Stars outcome in October, risk and uncertainty cautionary statement, prudent assumptions, early indicators, not perfect information, mindful of cash position).","Guidance tone is primarily maintaining/advancing: management repeatedly states they are 'on track' and 'expect' progress toward 2027/2028 commitments, with no explicit lowering of targets; however, they emphasize benefit adjustments as necessary due to a larger funding gap vs medical trend.; Bidding and margin messaging is confident but conditional: they frame 2027 bid actions as constrained by the 2028 margin target and TBC considerations, while acknowledging unknowns (Stars thresholds, cohort cost profile) and using conservative claims reserving to manage uncertainty.","Management tone is bullish: they repeatedly express being pleased, on track, and confident in achieving multi-year margin and Stars-related commitments, supported by operational progress and disciplined pricing. While they acknowledge meaningful uncertainty (Stars thresholds, funding vs medical trend gap, and incomplete cohort visibility), the hedging is largely used to qualify timing/outcomes rather than to retract targets, resulting in an overall constructive forward-looking stance.",-0.04,Same (Bullish),"Sentiment remains bullish but is slightly lower in Q1 2026 versus Q4 2025. The tone is still constructive and confident, though with marginally more qualification around key uncertainties.",0.32,-0.14,Notably More Bearish,"Sentiment is lower in Q1 2026 versus Q1 2025 (0.28 vs 0.42), indicating a less upbeat tone. While both quarters are bullish, Q1 2026 relies more on conditional/hedged language around external outcomes and timing, reducing overall confidence.",0.42
002F3F,Cheniere Energy Partners L.P.,CQP,Q3 2025,Bullish,0.42,"Strong positive financial/operational word choice (e.g., 'significant progress', 'key successes', 'substantial completion', 'record', 'acceleration', 'raising guidance', 'confident', 'strong financial results', 'disciplined approach', 'conviction'); Forward-looking language is assertive and execution-oriented (e.g., 'expect 2026 to be another record year', 'on track', 'remain on track', 'bringing forward our timeline', 'we are raising', 'we currently forecast') with frequent definitive framing ('will', 'remain', 'on track'); Hedging/uncertainty is present but generally bounded and operationally framed (e.g., 'with that said', 'variability', 'weather dependent', 'year end timing can drive some degree of variability', 'we expect' vs 'we intend'); guidance tone is mostly confident with explicit upward revision to DCF","Management’s tone supports a constructive earnings power narrative: they reconfirm EBITDA guidance while explicitly raising DCF guidance, attributing the increase to a discrete tax rule change—suggesting confidence in cash flow durability rather than purely operational upside.; Despite acknowledging external volatility (geopolitics, feed gas variability, market noise), they repeatedly emphasize contracted visibility and disciplined capital allocation; investors should treat the remaining uncertainty as timing/throughput variability rather than demand/contracting breakdown.","Management tone is bullish and execution-confident, highlighted by repeated references to substantial completion, accelerated schedules, record production, and strong financial results. They reconfirm EBITDA guidance but raise DCF guidance, using definitive forward-looking language while limiting hedging to operational/timing variability (e.g., feed gas variability, commissioning ramp, year-end cargo timing).",,,,,0.0,Same (Bullish),"Sentiment score is unchanged at 0.42 Y/Y, indicating management’s tone remains equally bullish. The narrative continues to emphasize execution confidence and guidance strength, with uncertainty framed around timing/operational variability.",0.42
003B70,Realty Income Corp.,O,Q1 2026,Bullish,0.42,"Strong positive financial/operational word choice: 'strong momentum', 'progress', 'delivered', 'disciplined', 'durable', 'robust occupancy', 'outsized', 'increasing', 'improved visibility', 'confident', 'meaningful evolution', 'best-in-class', 'very selective' (net positive LM-weighted terms).; Forward-looking language is assertive and growth-oriented: 'supports our decision to raise', 'increasing full-year AFFO per share guidance', 'increasing full-year investment volume guidance', 'strive towards consistent double-digit total operational returns', 'expect to continue adding accretive sources', 'intend to scale this relationship', 'we are very close... fully deployed'.; Hedging/uncertainty is present but generally bounded: frequent qualifiers like 'based on current visibility', 'we believe', 'we expect', 'intent', 'opportunistic', 'episodic', 'not gonna be pursuing' if it doesn't translate to EPS; however, guidance actions are specific (raise ranges) and confidence indicators are mostly definitive ('supports', 'increasing', 'raised', 'delivered', 'ended the quarter with').","Management’s tone aligns with constructive fundamentals: they raised AFFO per share guidance and investment volume guidance, while also lowering credit loss outlook—suggesting improving risk/return visibility rather than deterioration.; Despite bullish framing, uncertainty is concentrated around the durability/recurrence of lease termination income and the pace of private-capital scaling; investors should monitor whether termination income remains episodic and whether credit investments convert into the intended real-estate ownership outcomes.","Management tone is bullish, characterized by confident delivery ('strong momentum', 'delivered', 'robust') and strong forward-looking growth language ('supports', 'increasing guidance', 'intend to scale'). Hedging exists ('based on current visibility', 'we believe', 'opportunistic/episodic'), but it is generally used to qualify execution details rather than to signal weaker outlook; guidance actions are net positive (raise AFFO/investment volume, lower credit loss outlook).",0.1,Notably More Bullish,"Sentiment increased from 0.32 to 0.42, reflecting a more assertive bullish tone in Q1 2026, including raised AFFO/investment volume guidance and stronger momentum/visibility language. Uncertainty remains present but is more bounded and framed around execution details rather than a broader outlook risk.",0.32,0.0,Same (Bullish),"Sentiment score is unchanged at 0.42 year-over-year, indicating management maintained a similarly bullish tone. Both quarters emphasize confidence and execution, with only bounded, procedural hedging.",0.42
009397,LPL Financial Holdings Inc.,LPLA,Q1 2026,Bullish,0.32,"High concentration of positive financial/operational terms: 'strong start', 'solid organic asset growth', 'record adjusted EPS', 'strong financial performance', 'meaningful progress', 'improved operating leverage', 'strong business and financial results', 'excited about the opportunities'.; Forward-looking language is confident and constructive, with multiple definitive expectations: 'we continue to expect', 'we believe this positions us', 'we remain on track', 'we expect to be back at $425 million', 'we feel very confident', 'we should be able to sustain mid- to high-single-digit growth'.; Hedging/uncertainty is present but mostly in standard legal framing and market/seasonality qualifiers ('rising macroeconomic and geopolitical uncertainty', 'increasingly loud and often speculative narrative', 'we expect', 'based on where... are today', 'if we were to snap the chalk'), with limited use of severe negative terms.","Guidance tone is modestly constructive: management lowered the upper end of core G&A outlook (cost control) while maintaining/using expectations for operating leverage; this suggests confidence in efficiency gains rather than demand deterioration.; AI/cash monetization risk is addressed with reassurance and process-based diligence ('we don't see an imminent risk', 'doing the work'), implying management views structural disruption as manageable and time-bound—investors should monitor any subsequent pricing/fee model changes for timing and advisor adoption.","Management tone is bullish, driven by repeated positive performance descriptors (record EPS, strong organic growth, improved operating leverage) and confident forward-looking statements about recruiting pipeline pull-through and long-term organic growth. Uncertainty language is largely contextual (macro/geopolitics, market-driven EBITDA mark-to-market, seasonality) and is paired with definitive expectations and clear operational targets, indicating controlled hedging rather than pessimism.",-0.1,Notably More Bearish,"Sentiment softened from Q4 2025 to Q1 2026 (0.42 to 0.32). While both quarters remain bullish, Q1 2026 includes relatively more cautious/qualifying language around uncertainty and timing, reducing overall tone intensity.",0.42,-0.3,Significantly More Bearish,"Sentiment decreased materially versus Q1 2025 (0.62 to 0.32), indicating a less emphatic tone. While Q1 2026 remains bullish, it relies more on controlled hedging/qualifiers and fewer peak-level confidence signals than the prior year.",0.62
013528,PepsiCo Inc.,PEP,Q1 2026,Bullish,0.42,"Strong positive financial/operational word choice: 'advantage', 'resilience', 'nice job', 'solid', 'accelerating', 'strong', 'good progress', 'encouraged', 'exciting', 'optimizing', 'on track', 'record year' (productivity).; Forward-looking language is confident and specific: repeated definitive expectations such as 'we expect', 'we're going to', 'we affirmed our guidance today', 'no change in guidance', 'positive volume growth ex case pack water in the coming quarters', 'by the end of Q2 we'll probably be almost completed'.; Hedging/uncertainty is present but contained and procedural: 'still working through', 'to be determined', 'depending on the magnitude and time', 'too early to come to any definitive conclusions right now', 'we'll watch closely'. Overall, uncertainty is framed as manageable with mitigation plans.","Management maintains guidance (no top-line change) and frames external risks (Iran conflict, inflation, SNAP) as mitigable via hedging, productivity, and pricing/pack architecture—suggesting investors should treat guidance as credible rather than at risk of near-term downgrades.; The tone differentiates by segment: PFNA is described as improving sequentially and 'ahead of where we thought we would be', while PBNA volume is managed with expectations of acceleration after excluding a known transition item—watch for whether future calls continue to confirm the 'acceleration' narrative.","Management tone is bullish, with frequent positive operational descriptors and strong confidence in execution. Forward-looking statements are generally definitive (affirmed guidance, expectations for acceleration and sequential improvement), while hedging is limited to specific items that are still being assessed (inflation magnitude, SNAP impact timing), indicating controlled uncertainty rather than a cautious stance.",0.0,Same (Bullish),"Sentiment score is unchanged at 0.42, indicating the tone remains bullish from Q4 2025 to Q1 2026. Both quarters emphasize confident execution and maintain guidance, with only mild, procedural hedging.",0.42,0.24,Significantly More Bullish,"Sentiment increased materially versus Q1 2025, with management using more definitive, execution-focused positive language and stronger confidence around guidance and near-term acceleration. Uncertainty is still present, but it is more contained and framed as manageable rather than tied to broader macro/tariff risk.",0.18
0157B1,Amazon.com Inc.,AMZN,Q1 2026,Very Bullish,0.62,"Heavy concentration of positive financial/operational terms (strong, highest, leader, momentum, growth, accelerate, strong sales trends, meaningful opportunities, compelling, unusually well-positioned) with very few negative financial terms.; Very strong forward-looking language and confidence indicators (we expect, we believe, we are confident, on track, will be, will continue, future, long-term, once in a lifetime opportunity) with frequent definitive phrasing rather than tentative wording.; Hedging/uncertainty is present mainly in the standard safe-harbor framing (actual results may differ materially; guidance assumes; inherently unpredictable; headwind of FX) but does not dominate the substantive business narrative; guidance tone is largely maintaining/raising via strong Q2 outlook and continued investment posture.","Management’s tone suggests confidence in monetizing AI-driven capacity: they repeatedly link AI demand to core growth and emphasize high confidence in CapEx monetization (customer commitments for a substantial portion, compelling margins/ROIC). Investors should treat this as a signal that they expect sustained demand absorption despite near-term free-cash-flow pressure from higher CapEx growth.; Guidance tone appears constructive: Q2 net sales and operating income ranges are framed as supported by “strong sales trends carrying into Q2,” while the main quantified headwinds are FX and specific cost items (stock comp timing, Leo satellite costs, transportation/fuel inflation partially offset by surcharges). This implies no broad demand caution, but investors should monitor execution on logistics cost offsets and Leo-related cost ramp.","Management delivered a very bullish tone, emphasizing accelerating AWS growth, strong margins, and “momentum” across chips and agentic AI offerings. Forward-looking statements are largely definitive (expect/continue/confident/on track) with hedging largely confined to standard safe-harbor language; guidance is framed as supported by strong trends rather than constrained by demand.",0.0,Same (Bullish),"Sentiment score is unchanged at 0.62, indicating management maintained a similarly very bullish tone from Q4 2025 to Q1 2026, with confidence-forward language and limited incremental hedging.",0.62,0.2,Significantly More Bullish,"Sentiment increased by 0.20, moving from a Bullish tone in Q1 2025 to a Very Bullish tone in Q1 2026. The current quarter shows a stronger concentration of definitive positive language and confidence in AI/CapEx monetization, with hedging remaining largely procedural.",0.42
031025,Manhattan Associates Inc.,MANH,Q1 2026,Bullish,0.42,"High concentration of positive financial/operational terms (strong, strong start, record, better than expected, increased, accelerated, solid, optimistic, momentum, win rate above 70%, meaningful improvements, ROI).; Strong forward-looking language with explicit growth intent and confidence (increased full year outlook, raising guidance, expect to continue to scale, believe/expect to have meaningful impact in 2027, very optimistic about long-term growth opportunity).; Limited hedging relative to bullishness: macro volatility and uncertainty are acknowledged, but guidance actions are decisive (raising revenue/margin/EPS outlook; conservative monetization stance is framed as prudence rather than doubt).","Management’s guidance tone is decisively upward: they explicitly raise full-year total revenue, operating margin, and EPS outlook while keeping Q2–Q4 parameters unchanged—suggesting confidence in near-term execution and controlled risk management.; AI/agentic monetization is communicated with cautious framing (“conservative approach,” “early,” “expect bigger impact in 2027 than 2026”), but the operational evidence is presented as already translating into paid pilots, deployments, and improving RPO—supporting a bullish interpretation of conversion trajectory.","Overall tone is bullish: management repeatedly emphasizes strong execution, record/better-than-expected results, accelerating growth, and raised full-year guidance. While they acknowledge macro volatility and use some uncertainty language (forward-looking risk, conservative monetization, early-stage AI), the confidence indicators and guidance actions are predominantly definitive, with limited negative financial sentiment.",-0.2,Significantly More Bearish,"Sentiment weakened materially from Q4 2025 to Q1 2026 (0.62 to 0.42). While Q1 remains bullish, the tone is less emphatic and more cautious/hedged than the very bullish, confidence-heavy framing in Q4.",0.62,0.1,Notably More Bullish,"Sentiment increased by 0.10, indicating a more bullish tone in Q1 2026 versus Q1 2025. The improvement aligns with stronger emphasis on raised guidance and record/better-than-expected execution, with only limited hedging.",0.32
034B61,Booking Holdings Inc.,BKNG,Q1 2026,Bullish,0.42,"Strong positive financial/operational word choice (e.g., solid execution, strong results, momentum, growth, increased, exceeded, resilience, value, positioned, disciplined, foundation, strong free cash flow profile).; Forward-looking language is confident and constructive, with repeated definitive intent (e.g., 'we believe', 'we expect to continue building', 'we remain focused', 'we are set up well', 'we plan to continue to return capital', 'we are very committed').; Hedging/uncertainty is present but largely framed as scenario-based rather than fundamental doubt (e.g., 'uncertain macro backdrop', 'we recognize', 'we estimate', 'assumptions', 'may differ', 'no one can exactly say how long it will last'), while management maintains clear directional outlook (recovery in 2H; long-term constant-currency growth ambition).","Guidance tone is mixed: Q2 room nights/gross bookings/EBITDA are guided down versus prior expectations (explicitly 'lowering our guidance ranges at the midpoint'), but the high end of gross bookings and adjusted EPS remains 'in line' with prior expectations—suggesting management is protecting upside while acknowledging downside risk from the Middle East through June.; Management repeatedly emphasizes durability of demand and long-term strategy (Connected Trip, GenAI, Genius, direct channel) and pairs it with cost discipline; investors should interpret the tone as 'near-term volatility acknowledged, long-term confidence maintained,' with the main uncertainty centered on duration/magnitude of geopolitical disruption and related cancellations/ADR effects.","Management tone is bullish overall: they highlight solid execution and strong year-over-year growth, use confident forward-looking language about Connected Trip, GenAI, and direct channel progress, and stress resilience of travel demand. They do acknowledge meaningful near-term uncertainty from the Middle East and explicitly lower full-year guidance ranges at the midpoint, but they frame this as assumption-driven and maintain confidence in recovery in the second half and in long-term growth targets.",-0.2,Significantly More Bearish,"Sentiment weakened materially from Q4 2025 to Q1 2026 (0.62 to 0.42). The tone remains bullish overall, but the need to lower guidance ranges at the midpoint and emphasize near-term geopolitical uncertainty reduces the overall confidence level versus the very bullish, high-conviction framing in Q4.",0.62,-0.2,Significantly More Bearish,"Tone remains bullish, but the sentiment score drops materially versus Q1 2025. The current quarter’s outlook includes a more explicit guidance reduction at the midpoint and heavier emphasis on near-term geopolitical uncertainty, which dampens overall confidence language.",0.62
03596A,AECOM Co.,ACM,Q2 2026,Bullish,0.42,"Strong positive financial/operational word choice: 'strength and resilience', 'new highs', 'record backlog', 'increased', 'strong win rates', 'leading position', 'on track', 'confidence', 'profit guidance' raised.; Very strong forward-looking language with execution framing: 'increasing our full-year profit guidance', 'expect to increase', 'expect growth to inflect', 'we are confident', 'will be delivering', 'ramp-up', 'positive about continued growth'.; Hedging/uncertainty is present but contained and localized: repeated 'uncertainty' and 'near-term uncertainty' tied to 'Middle East' with 'unclear resolution timeline' and 'difficult to forecast pace', while management offsets with visibility ('line of sight or visibility') and cash recovery ('already recovered in the 3rd quarter').; Guidance tone is clearly constructive: management explicitly 'increasing' full-year profit guidance for the second time; EPS/EBITDA growth expectations are reiterated at the midpoint with confidence language.","Management’s bullish tone is reinforced by both performance metrics ('new record backlog', margin expansion) and a concrete action—raising full-year profit guidance—suggesting they view current momentum as durable despite Middle East volatility.; Uncertainty is primarily concentrated in the Middle East timing (growth pace, cash receipts cadence, claim resolution), but management provides confidence via recovery after quarter-end and maintains free cash flow guidance, implying investors should monitor Middle East execution timing rather than broader demand.","Management delivered a bullish, confidence-forward tone, emphasizing record backlog, margin expansion, and multiple 'new highs' alongside a second increase to full-year profit guidance. While they acknowledge meaningful uncertainty around Middle East timing and forecasting, they repeatedly counterbalance with visibility, post-quarter recovery, and definitive confidence in delivering guidance and long-term objectives.",-0.2,Significantly More Bearish,"Sentiment cooled from a very bullish Q1 (0.62) to a bullish Q2 (0.42), a drop of 0.20. While Q2 still highlights record backlog and raised profit guidance, the tone appears less emphatic and more tempered by concentrated Middle East timing uncertainty.",0.62,0.0,Same (Bullish),"Sentiment score is unchanged at 0.42 versus Q2 2025, indicating the tone remains bullish year-over-year. Both quarters emphasize record/backlog strength and raised guidance with contained, localized uncertainty.",0.42
03B8CF,3M Co.,MMM,Q1 2026,Bullish,0.42,"Strong positive financial/operational word choice: 'solid operating performance', 'increased', 'up', 'solid start', 'strong execution', 'confidence', 'encouraging order trends', 'momentum', 'improving', 'progress', 'pleased', 'optimistic', 'strong free cash flow generation'.; Forward-looking language is frequent and assertive: 'remain confident', 'on pace', 'expect', 'anticipate', 'will be', 'we see', 'we are reiterating', 'gives us confidence', 'on track', 'accelerate', 'position us well', 'we will double capacity'.; Hedging/uncertainty is present but mostly bounded: 'volatile environment', 'subject to risks and uncertainties', 'contingency', 'prudent', 'depending on', 'if', 'we think', 'hard to discern', 'not currently seeing', 'macro remains uncertain'—used to qualify guidance rather than to retract it.","Guidance tone is maintenance-with-optimism: management reiterates full-year EPS and organic sales guidance while emphasizing acceleration into Q2/back half, and frames the remaining risk via a small explicit contingency rather than lowering targets.; Confidence is supported by execution metrics (OTIF, OEE, cost of poor quality, backlog/order momentum) and by pricing actions tied to oil exposure; however, they repeatedly note macro volatility and 'hard to discern' pre-buy magnitude, implying investors should monitor order timing and demand normalization in Q2.","Management’s tone is bullish: they highlight strong Q1 execution, improving margins/cash flow, and clear momentum into Q2 with confident forward-looking statements ('remain confident', 'on pace', 'gives us confidence'). While they acknowledge macro uncertainty and use a guidance contingency, the hedging is largely procedural (risk management) rather than a signal of deteriorating outlook, and guidance is maintained rather than lowered.",0.0,Same (Bullish),"Sentiment score is unchanged at 0.42, indicating the tone remains bullish from Q4 2025 to Q1 2026. Both quarters emphasize strong execution and confidence in guidance, with only bounded macro-related hedging.",0.42,0.34,Significantly More Bullish,"Sentiment increased materially from a mildly positive/neutral tone in Q1 2025 (0.08) to a clearly bullish tone in Q1 2026 (0.42). The shift reflects stronger confidence and momentum language in 2026, with guidance framed as maintained and on-track rather than heavily constrained by tariff/macro uncertainty.",0.08
03CF95,PayPal Holdings Inc.,PYPL,Q1 2026,Bullish,0.23,"Strong positive/constructive financial and performance language (e.g., 'accelerate the growth', 'improving profitability and cash flow', 'solid quarter', 'robust free cash flow', 'confident', 'durable path', 'value creation'); Forward-looking strategy is expressed with high intent and directionality ('we will', 'we expect', 'we are reiterating', 'plan to', 'intends to'), including concrete targets like 'at least $1.5 billion of gross run rate savings' and full-year guidance ranges; Moderation/uncertainty is present but mostly framed as manageable and anticipated ('macro and geopolitical environment remain complex', 'we expect... pressure', 'it will take time', 'we have conviction... but it will take time', 'trends at the low end', 'risk' language is limited and generally hedged with confidence in guidance)","Management’s guidance tone is primarily maintenance with near-term pressure: Q2 is guided to show YoY EPS and transaction margin dollar declines, while full-year 2026 guidance is reiterated with confidence; this suggests a 'near-term headwind, longer-term payoff' narrative.; Cost-savings and transformation messaging is both confident and specific (AI-driven process redesign, structural realignment, and a quantified savings program), which increases credibility versus purely qualitative turnaround language; however, reinvestment and timing are explicitly acknowledged as sources of near-term expense pressure.","Management tone is bullish: leaders use confident, action-oriented language about accelerating growth, improving profitability/cash flow, and executing a disciplined transformation. While they acknowledge complexity and near-term headwinds (notably Q2 YoY pressure and the time required to scale initiatives), they repeatedly reinforce conviction in full-year guidance and provide concrete savings and execution frameworks.",0.15,Notably More Bullish,"Q1 2026 sentiment is meaningfully more positive than Q4 2025, with management leaning into confident, action-oriented transformation and quantified savings/guidance reinforcement. Q4 2025 was more neutral/cautious due to explicit branded checkout underperformance and more hedged timing.",0.08,-0.19,Significantly More Bearish,"Sentiment weakened meaningfully versus Q1 2025 (0.42 to 0.23), indicating a less upbeat tone despite still-bullish framing. The current quarter leans more toward near-term pressure and time-to-execute caveats, reducing overall bullishness.",0.42
04C4BE,QuantumScape Corp.,QS,Q1 2026,Bullish,0.28,"Frequent positive/constructive financial-technology terms (e.g., 'substantive progress', 'virtuous cycle', 'enhanced quality', 'force multiplier', 'commitment', 'milestone', 'shareholder value creation') outweigh negative cost-loss framing.; Forward-looking language is strong and specific: repeated plans and expectations ('we plan to ramp', 'we expect to see', 'we look forward to updating', 'we will be shipping samples', 'we are moving into the next phase'), with guidance reiterated rather than changed.; Hedging/uncertainty is present but mostly confined to safe-harbor and operational variability ('may not materialize', 'risks and uncertainties', 'may vary from quarter to quarter', 'early days', 'we are carefully gauging'); confidence indicators are generally definitive in execution and milestones ('completed installation', 'commenced startup', 'successfully completed', 'recorded our first').","Management’s guidance tone is maintenance: adjusted EBITDA loss and CapEx guidance are reiterated, while operational momentum (Eagle Line ramp, first ecosystem billings) is emphasized—suggesting confidence in near-term execution without changing financial targets.; The call frames new markets (AI data centers, defense/aerospace) as additive to automotive rather than substitutive, implying resource allocation is planned and already incorporated into the operating plan; investors should monitor whether billings growth and sample-to-JDA/JDA-to-licensing conversion accelerates accordingly.","Overall management tone is Bullish, driven by confident execution updates (installation/startup, first ecosystem billings, successful evaluations) and strong forward-looking plans (ramping QSE-5 in Q2, moving into next phases, shipping samples). Hedging language is present mainly in safe-harbor and variability disclaimers, while guidance is reiterated rather than raised or lowered, indicating measured confidence in financial outlook alongside optimistic commercialization momentum.",0.0,Same (Bullish),"Sentiment score is unchanged at 0.28 from Q4 2025 to Q1 2026. Both calls maintain a similarly bullish, execution-focused tone with hedging largely limited to standard safe-harbor and variability language.",0.28,-0.04,Same (Bullish),"Sentiment remains bullish but is slightly lower Y/Y, with the current quarter showing more cautious/variability hedging around execution while still reiterating guidance and emphasizing commercialization progress.",0.32
055018,Capital One Financial Corp.,COF,Q1 2026,Bullish,0.23,"Frequent positive financial/strategic terms and outcomes (e.g., 'solid top-line growth', 'strong credit performance', 'strong deposit growth', 'good opportunities', 'bullish', 'momentum', 'engine that powers long-term growth and returns'); Forward-looking language is confident but bounded by integration timing and seasonality (e.g., 'we expect', 'we remain on track', 'we still expect', 'we continue to invest', 'will be reflected', 'we do expect that cash position will trend down'); Hedging/uncertainty is present but generally framed as manageable (e.g., 'heightened geopolitical uncertainty', 'cloud on the horizon', 'if energy prices remain elevated', 'modest increase', 'lumpiness in the system', 'not an easy journey, and it's a long journey'); guidance tone is largely maintaining/consistent rather than raising or lowering","Management repeatedly reinforces that post-Discover earnings power remains consistent with deal-model expectations despite moving variables (Brex/Hopper added), which suggests they are defending prior outlook rather than changing it—investors should focus on whether actual efficiency and synergy delivery tracks the stated back-loaded integration path.; Risk framing is mostly conditional (energy/geopolitics, macro headwinds) and paired with actions ('judgmentally incorporated elevated macroeconomic risk into our allowance'); investors should monitor allowance/coverage trajectory and credit metrics for any deviation from the 'resilient/strong' narrative.","Overall tone is bullish: management emphasizes solid results, strong credit performance, and momentum from Discover with repeated confidence in achieving expected synergies and maintaining earnings power. Uncertainty language appears mainly as conditional macro risk (energy/geopolitics) and integration timing/seasonality, but it is paired with mitigation steps and 'on track' statements, indicating a maintaining/defending guidance posture rather than a downgrade.",-0.05,Slightly More Bearish,"Sentiment softened modestly from Q4 2025 to Q1 2026, with slightly less conviction/enthusiasm in the tone. The current quarter remains bullish overall, but more emphasis on conditional macro/integration timing reduces the net positivity.",0.28,0.0,Same (Bullish),"Sentiment score is unchanged at 0.23 versus Q1 2025, indicating management tone remains equally bullish year over year. Both quarters emphasize strong credit/performance momentum and maintain guidance confidence with only conditional macro/integration uncertainty.",0.23
061366,First Solar Inc.,FSLR,Q1 2026,Bullish,0.42,"Strong positive financial/operational word choice: 'strong start', 'record first quarter revenue', 'record sales', 'meaningful margin expansion', 'above the top end', 'strong strategic partnerships', 'well-positioned', 'momentum', 'encouraging'.; Forward-looking language is confident and specific: 'CuRe launch is complete', 'first Series 6 line is ramping, consistent with expectations', 'scheduled to be replicated... through the first half of 2028', 'supports the potential realization of up to $0.6 billion of additional revenue'.; Hedging/uncertainty is present but mostly bounded to policy/tariff outcomes: repeated 'we expect', 'assumes', 'given uncertainty', 'not modeling', 'could', 'may', 'depending on', and explicit risk framing around 232/FEOC/301 and tariff timing; guidance is reaffirmed and described as 'remains unchanged' with Q2 'relatively flat' margins.","Management tone is bullish on execution (revenue, EBITDA, CuRe ramp, utilization in US) while keeping a cautious overlay on margins tied to international underutilization charges and tariff-policy uncertainty; investors should treat guidance as execution-credible but policy-sensitive.; Guidance tone is maintenance/steady: full-year 2026 guidance 'remains unchanged' and Q2 EBITDA/margins are framed as 'flat' with identifiable headwinds (Malaysia/Vietnam utilization) and conditional upside (tariff replacement scenarios), implying limited near-term optimism on margin expansion despite freight/warehouse improvements.","Overall management tone is bullish, driven by record results, margin expansion, and confident technology execution (CuRe launch completion and ramp). However, they temper optimism with frequent, targeted hedging around trade/policy outcomes (notably Section 232/FEOC/301 and tariff modeling), and they maintain guidance rather than raising it, citing near-term margin headwinds from international utilization.",0.14,Notably More Bullish,"Sentiment improved by 0.14, moving from a bullish but more cautious Q4 tone to a more upbeat Q1 tone. Q1 emphasizes record results and clearer execution milestones (e.g., CuRe launch completion and ramp), while still acknowledging policy/tariff uncertainty.",0.28,0.6,Significantly More Bullish,"Sentiment shifted materially upward from bearish (Q1 2025) to bullish (Q1 2026), driven by record results, clearer execution confidence (CuRe completion and Series 6 ramp), and reaffirmed guidance. The current quarter’s hedging is more bounded to policy/tariff uncertainty, whereas the prior quarter emphasized tariff-driven downside and guidance reduction.",-0.18
067779,Carnival Corp. Ltd.,CCL,Q1 2026,Very Bullish,0.62,"Strong positive financial/operational word choice: 'excellent start', 'ahead of guidance', 'record', 'outperform', 'robust', 'strengthened', 'solid execution', 'momentum', 'confidence', 'improving yields', 'margin expansion'.; Very strong forward-looking and target-setting language: 'By 2029, we are targeting...', 'we are introducing PROPEL', 'we are focused on the next chapter', 'we expect moderate yield growth', 'we believe this will drive significant margin expansion'.; Limited hedging/uncertainty on business fundamentals; uncertainty is mainly macro/geopolitical and fuel: 'unpredictable macroeconomic and geopolitical backdrop', 'unpredictable', 'external conditions will continue to evolve', but management repeatedly asserts confidence ('we remain well-positioned', 'give us confidence', 'grounded in... disciplined execution').","Guidance tone is net positive: Q1 results 'came in ahead of guidance' and management explicitly 'increasing our full-year outlook operationally by approximately $150 million' (i.e., raising/strengthening outlook), while the main offset is a fuel headwind embedded in assumptions.; Management’s confidence is high and execution-focused: they attribute outperformance to controllable drivers (yield expansion, cost discipline, revenue management, technology) and frame fuel/geopolitics as manageable via consumption savings and scenario-based guidance rather than a fundamental demand concern.","Management tone is very bullish, emphasizing outperformance versus guidance, record financial metrics, and sustained momentum in bookings and onboard spend. Forward-looking language is assertive and target-driven (PROPEL to 2029) with confidence grounded in execution and disciplined capacity/cost strategy, while uncertainty is largely confined to external fuel and geopolitical volatility rather than demand deterioration.",-0.1,Slightly More Bearish,"Sentiment remains Very Bullish in both quarters, but Q1 2026 is less upbeat than Q4 2025. The tone shift reflects a reduction in the intensity of upside/record language and slightly more emphasis on external uncertainty (e.g., fuel/geopolitics) despite continued confidence.",0.72,-0.1,Notably More Bearish,"Sentiment remains Very Bullish in both quarters, but the current quarter’s tone is less positive (0.62 vs 0.72). The shift likely reflects slightly more emphasis on external uncertainty (macro/geopolitics/fuel) relative to the prior year’s more uniformly confident execution language.",0.72
06C826,Darling Ingredients Inc.,DAR,Q1 2026,Very Bullish,0.62,"Strong positive financial word choice: repeated use of bullish/strength terms such as 'strong quarter', 'improved earnings power', 'stronger cash flow potential', 'margin expansion', 'momentum', 'tailwind', 'constructive', 'poised to move forward', and 'very strong' results.; Forward-looking language is confident and specific: 'we expect ... to continue to strengthen throughout the year', 'we believe ... entering its next phase with momentum', and explicit Q2 Core Ingredients EBITDA guidance set at $260M-$275M (definitive guidance rather than exploratory language).; Hedging/uncertainty is present but secondary and mostly procedural: standard forward-looking disclaimer and risk framing ('subject to risks and uncertainties', 'could materially differ'), while operational outlook uses low-hedge phrasing ('will', 'expect', 'should') and emphasizes controllables ('controlling what we could control', 'disciplined risk management').","Management’s tone and language align with an earnings-up cycle: they explicitly guide Q2 Core Ingredients EBITDA higher (range provided) and repeatedly characterize market/regulatory developments (RVO, margins turning a corner) as 'constructive' and 'tailwind'—suggesting confidence in near-term earnings delivery.; Despite volatility in feedstock/energy, they frame uncertainty as manageable via 'disciplined risk management' and conservative modeling; investors should treat guidance as supported by observable run-rate improvements (March extrapolation) rather than purely optimistic assumptions.","Management delivered a very bullish tone, emphasizing 'strong' results, 'improved' earnings power, and 'margin expansion' with multiple constructive catalysts (RVO, demand growth, operational excellence). Forward-looking statements are largely confident ('expect', 'will', 'should') and culminate in explicit Q2 guidance for Core Ingredients EBITDA, while hedging language is mostly limited to standard forward-looking disclaimers and conservative modeling around timing/lag effects.",0.34,Significantly More Bullish,"Sentiment rose materially from 0.28 to 0.62, reflecting a shift from a more cautious, policy-hedged bullish tone in Q4 2025 to a clearly stronger, confidence-forward tone in Q1 2026. The current quarter also includes more definitive near-term guidance (e.g., Q2 Core Ingredients EBITDA range) and more emphasis on margin expansion and momentum.",0.28,0.34,Significantly More Bullish,"Sentiment increased materially from 0.28 to 0.62, reflecting a shift from a bullish/normalization narrative in Q1 2025 to a more emphatic “very strong” tone in Q1 2026. The current quarter also features more confident, specific forward guidance (including explicit Q2 Core Ingredients EBITDA ranges), reinforcing the stronger bullishness.",0.28
06EF42,D.R. Horton Inc.,DHI,Q2 2026,Bullish,0.28,"Frequent positive financial/operational terms (solid results, pleased, strong operating cash flows, disciplined, attractive returns, sustainable results, value creation) outweigh negative/constraint language (impacted, cautious, volatility, headwind).; Forward-looking language is moderately strong and specific: uses definitive expectations (expect incentives to remain elevated; expect to see incremental benefits in Q3 and Q4; currently expect margins/revenues/homes closed ranges) with limited hedging beyond macro uncertainty.; Hedging/uncertainty is present but controlled: repeated conditional framing tied to external variables (dependent on demand, mortgage rates, broader market conditions; will continue to adjust; volatility and uncertainty recognized). Guidance tone is largely maintaining/steady with a cautious top-end trim (lowered closings guide by 500; reduced revenue top-end) while still reaffirming profitability and cash flow targets.","Management’s tone suggests confidence in margin resilience: they cite normalized gross margin stability (excluding one-offs) and expect additional construction cost savings into Q3/Q4, but they explicitly flag incentives as demand/rate-dependent—watch for any incentive normalization vs continued elevation.; Guidance posture is cautiously constructive: they reduced the revenue top-end due to lighter closings/ASP in H1, yet they maintained a fairly tight full-year framework (cash flow at least $3B, repurchases ~$2.5B). Investors should monitor whether the sequential SG&A leverage and incentive stability materialize as closings step up in Q3/Q4.","Overall management tone is Bullish: they emphasize solid results, disciplined execution, and attractive returns, with confident expectations for margin support from lower construction costs and improved cycle times. Uncertainty is acknowledged (affordability constraints, volatility, and incentive dependence on demand/mortgage rates), and guidance shows a cautious adjustment via a reduced revenue top-end, but not a broad deterioration in outlook.",0.1,Notably More Bullish,"Sentiment improved from 0.18 in Q1 to 0.28 in Q2 (+0.10). The tone became more constructive, emphasizing stronger operating cash flow and margin support from cost savings, while uncertainty remained present but more controlled.",0.18,0.2,Significantly More Bullish,"Q2 2026 sentiment is materially more positive than Q2 2025, with stronger confidence language around margin resilience, cost savings, and cash-flow/returns. While uncertainty remains, the current quarter’s guidance tone is more constructive and less dominated by explicit margin pressure from rising incentives.",0.08
070B45,Zebra Technologies Corp.,ZBRA,Q1 2026,Very Bullish,0.62,"Strong positive financial/operational word choice: 'great start', 'strong Q1 results', 'strong execution', 'positive demand trends', 'durability of demand', 'profitable growth', 'strong margins and cash generation', 'confidence in raising our outlook', 'line of sight to the supply we need'.; High-strength forward-looking and confidence language: 'increased outlook', 'supports our increased outlook', 'we have confidence', 'we are increasingly confident', 'we currently have line of sight', 'we believe', 'we expect', 'guidance range' with multiple explicit targets (EBITDA margin, EPS, FCF conversion).; Limited hedging relative to bullishness: memory and supply are framed with monitoring/mitigation ('area we are monitoring closely', 'subject to risks and uncertainties' boilerplate), but management repeatedly asserts mitigation success ('successfully mitigate', 'fully mitigate', 'no indication', 'line of sight', 'maintain our margin guidance').","Guidance tone is clearly upward/strengthening: management explicitly 'increased outlook for the full year' and raises/maintains profitability targets while emphasizing full mitigation of the memory headwind and ~100% FCF conversion.; Risk language is present but operationally contained: memory/supply uncertainty is acknowledged, yet responses emphasize secured visibility ('no indication' of reduced allocations, 'line of sight' to needed supply) and quantified mitigation levers (price increases, sourcing, higher-density transitions), reducing perceived downside.","Management’s tone is very bullish, combining strong positive performance descriptors with repeated, high-confidence forward-looking statements. While they acknowledge memory/supply and other macro uncertainties, they consistently frame them as actively managed and largely mitigated, and the guidance posture is an increased outlook with maintained profitability and cash flow targets.",0.2,Significantly More Bullish,"Sentiment increased materially from 0.42 to 0.62, reflecting a stronger bullish tone in Q1 2026 with more explicit confidence and an increased outlook. Risk language remains present but is framed as more fully mitigated and supported by clearer visibility into supply and cash generation.",0.42,0.34,Significantly More Bullish,"Sentiment increased materially versus Q1 2025, with Q1 2026 emphasizing a stronger execution narrative and an increased outlook supported by confidence in profitability and cash generation. The prior year’s tone was bullish but more tempered by tariff/trade uncertainty and guidance maintenance.",0.28
07B8D2,Legend Biotech Corp.,LEGN,Q1 2026,Bullish,0.42,"Strong positive financial/commercial language: 'strong momentum', 'profitable', 'profitable expansion', 'scaling efficiently', 'operating leverage', 'margin improvements', 'strong balance sheet provides flexibility', 'durable value'.; Forward-looking language is frequent and mostly confident/definitive: 'we expect', 'we remain confident', 'we anticipate', 'we plan to potentially present', 'we do expect to see sequential growth', 'we expect gross margin to be back over 50%'.; Limited hedging but present around clinical disclosure and event-driven timelines: 'cannot comment', 'as typical with our disclosure practice', 'depending on', 'we have to wait', 'event-driven', 'we remain on track'. Guidance tone is upward/maintaining: profitability trajectory maintained for 2026; gross margin expected to recover in Q2; no explicit lowering of outlook.","Management’s guidance tone is constructive: they maintain 2026 adjusted profitability expectations and explicitly expect Q2 gross margin recovery to >50%, implying confidence in manufacturing scale benefits despite Q1 margin pressure.; Clinical/in vivo messaging is optimistic but disclosure-constrained: they repeatedly frame expectations as 'manageable safety and promising efficacy' and 'deep response' while deferring specifics until abstracts/meetings—investors should treat near-term catalysts as timing-dependent (mid-year NHL data; event-driven CARTITUDE-5/6).","Overall management tone is bullish, driven by confident commercial momentum (share gains, earlier-line penetration) and profitability/margin recovery expectations. Forward-looking statements are strong and mostly definitive for financial trajectory (2026 profitability, Q2 gross margin rebound), while clinical commentary is more hedged due to standard disclosure limits and event-driven trial timing.",-0.2,Significantly More Bearish,"Sentiment cooled from a very bullish Q4 2025 (0.62) to bullish Q1 2026 (0.42), a drop of 0.20. While management remains confident on 2026 profitability and expects Q2 gross margin recovery, the tone is less emphatic and more tempered by near-term margin pressure and event/timing-dependent clinical disclosures.",0.62,0.0,Same (Bullish),"Sentiment score is unchanged at 0.42 versus Q1 2025, indicating management tone remains equally bullish year-over-year. Both quarters emphasize confident execution and profitability/margin trajectory with only procedural disclosure hedging.",0.42
07CA6A,Brunswick Corp.,BC,Q1 2026,Bullish,0.42,"Strong positive financial/operational word choice: 'excellent start', 'significantly ahead', 'increased', 'strong operating leverage', 'healthy', 'lean', 'disciplined', 'expanded', 'growth', 'improved', 'outperform', 'record', 'sustainable path', 'strong financial performance'.; Forward-looking language is confident and constructive: 'building confidence in our retail forecast', 'reinforce our long-term competitive advantage', 'supports our expectation for a flat-to-slightly up market', 'we are encouraged', 'we believe our guidance reflects confidence', 'we would expect' (multiple instances).; Hedging/uncertainty is present but bounded: 'dynamic', 'potential', 'cautiousness', 'monitoring trends', 'remain cognizant', 'difficult to determine', 'if... then' conditional framing; however guidance is largely maintained with only EPS raised, indicating controlled risk rather than deterioration.","Guidance tone is net-positive: management raised adjusted EPS guidance (to $4.00–$4.50) while stating sales/margin/free cash flow lines are materially unchanged, implying tariff normalization and Q1 overdrive are the primary upside drivers rather than demand collapse.; Uncertainty is concentrated in macro/geopolitics and tariffs (explicitly 'dynamic' and 'potential impact on the health of our consumer'), but they repeatedly anchor confidence in 'healthy and lean pipelines' and 'disciplined wholesale-to-retail alignment'—suggesting investors should watch pipeline/backlog conversion and any consumer softness outside the US/Canada.","Management tone is bullish, emphasizing outperformance ('excellent start', 'ahead of expectations'), margin/earnings leverage, and healthy/lean inventory and pipeline alignment. While they acknowledge meaningful uncertainty from geopolitical volatility and a dynamic tariff regime, the hedging is largely conditional and bounded; they maintain sales/margin guidance and raise EPS, signaling confidence in the operating plan and resilience of demand.",-0.2,Significantly More Bearish,"Sentiment cooled materially from Q4 2025 to Q1 2026 (0.62 to 0.42). While Q1 remains bullish, the tone is less emphatic and more constrained by acknowledged macro/tariff uncertainty, with fewer strongly positive, quantified confidence signals than in Q4.",0.62,0.34,Significantly More Bullish,"Q1 2026 sentiment is materially more positive than Q1 2025, with management emphasizing an 'excellent start,' stronger operating leverage, and raised EPS guidance. While tariffs/geopolitics remain a factor, the hedging is more bounded and confidence in the operating plan is higher versus the more cautious, scenario-heavy posture in Q1 2025.",0.08
