,date,sentence_id,headline,source_name,url,contextualized_chunk_text,ratee_entity_rp_entity_id,ratee_entity,rater_entity,credit_rating,credit_outlook,credit_action,credit_status,credit_watchlist,short_term_credit_rating,long_term_credit_rating,debt_instrument,forward_guidance,key_drivers
0,2021-10-22,8E35C0E1D412DDE5CD1C1943F1E474B4_0,S&P Global Ratings Upgrades Tesla With Positive Outlook,MT Newswires,,"02:53 PM EDT, 10/22/2021 (MT Newswires) -- S&P Global Ratings on Friday upgraded its issuer credit ratings of Tesla (TSLA) to BB+ with a positive outlook, citing ""solid"" demand prospects and ""robust"" financial metrics.
The rating agency anticipates the company's deliveries and earnings to remain ""strong"" over the coming few quarters despite ""near-term"" supply headwinds, including chip shortages.
The company's free operating cash flow is expected to remain positive ""more consistently,"" S&P noted.",DD3BB1,Tesla Inc.,S&P Global Inc.,BB+,Positive,Upgrade,,,,BB+,,"S&P expects Tesla's deliveries and earnings to remain strong over the coming few quarters despite near-term supply headwinds, including chip shortages. Free operating cash flow is expected to remain positive more consistently; the rating carries a positive outlook.","Solid demand prospects; robust financial metrics; anticipated strong deliveries and earnings; expected improvement in the consistency of positive free operating cash flow; near-term supply-chain headwinds, including chip shortages."
1,2022-01-25,BC75ABAE3459DF8B0892F1C79406E04A_0,Tesla Debt Upgraded By 2 Slabs At Moody's: Why The Rating Firm Is Bullish On The EV Maker,Benzinga,https://www.benzinga.com/node/25200483?utm_campaign=partner_feed&utm_medium=feed&utm_source=ravenpack,"On the margin front, Moody's expects an EBITDA margin to be 16% this year, compared with 12% in the 12 months ended September 2021.
""While the margin contribution from the sale of regulatory emission credits will likely decrease, the sale of the credits added approximately 330 basis points to margin in the 12 months ended September 2021,"" it said.
The agency said it expects Tesla's free cash flow to increase considerably in 2022, from an estimated $3.1 billion for 2021.
See Also: Tesla's Gross Margin In Focus With Q4 Earnings As Investors Look For Apple-Like Growth Story: Munster
Why It Matters: Tesla is geared up to add significant capacity this year as it brings two big factories online - Giga Berlin and Giga Texas. The rating agency expects the EV maker to further leverage the rising global demand with more capacity.
Moody's is among the first rating agencies this year to have upgraded the company's debt. Fitch Ratings and S&P Global Ratings are expected to follow suit.
Tesla crushed fourth-quarter delivery records and posted its biggest volume for both the fourth quarter and the full year 2021, earlier this month.
Price Action: Tesla shares closed 1.47% lower at $930 a share on Monday.",DD3BB1,Tesla Inc.,Moody's Corp.,,,Upgrade,,,,,corporate debt,"Moody's expects Tesla's EBITDA margin to reach 16% in 2022, up from 12% in the 12 months ended September 2021, and expects free cash flow to increase considerably from an estimated $3.1 billion in 2021. It also expects Tesla to add significant capacity as Giga Berlin and Giga Texas come online and to benefit from rising global demand.","Expected margin expansion and stronger free cash flow; increasing production capacity from the Giga Berlin and Giga Texas factories; rising global demand for electric vehicles; record fourth-quarter and full-year 2021 deliveries. Margin support from regulatory-emissions-credit sales contributed approximately 330 basis points in the 12 months ended September 2021, although Moody's expects this contribution to decrease."
2,2022-01-25,BC75ABAE3459DF8B0892F1C79406E04A_0,Tesla Debt Upgraded By 2 Slabs At Moody's: Why The Rating Firm Is Bullish On The EV Maker,Benzinga,https://www.benzinga.com/node/25200483?utm_campaign=partner_feed&utm_medium=feed&utm_source=ravenpack,"On the margin front, Moody's expects an EBITDA margin to be 16% this year, compared with 12% in the 12 months ended September 2021.
""While the margin contribution from the sale of regulatory emission credits will likely decrease, the sale of the credits added approximately 330 basis points to margin in the 12 months ended September 2021,"" it said.
The agency said it expects Tesla's free cash flow to increase considerably in 2022, from an estimated $3.1 billion for 2021.
See Also: Tesla's Gross Margin In Focus With Q4 Earnings As Investors Look For Apple-Like Growth Story: Munster
Why It Matters: Tesla is geared up to add significant capacity this year as it brings two big factories online - Giga Berlin and Giga Texas. The rating agency expects the EV maker to further leverage the rising global demand with more capacity.
Moody's is among the first rating agencies this year to have upgraded the company's debt. Fitch Ratings and S&P Global Ratings are expected to follow suit.
Tesla crushed fourth-quarter delivery records and posted its biggest volume for both the fourth quarter and the full year 2021, earlier this month.
Price Action: Tesla shares closed 1.47% lower at $930 a share on Monday.",DD3BB1,Tesla Inc.,S&P Global Inc.,,,,,,,,,"Moody's expects Tesla's EBITDA margin to reach 16% in 2022, up from 12% in the 12 months ended September 2021, and expects free cash flow to increase considerably from an estimated $3.1 billion in 2021. Fitch Ratings and S&P Global Ratings were expected to follow Moody's debt upgrade.","Expected margin expansion and stronger free cash flow; continued, though reduced, contribution from regulatory-emission-credit sales; increased production capacity from the Giga Berlin and Giga Texas factories; and rising global demand for Tesla's electric vehicles."
3,2022-01-25,BC75ABAE3459DF8B0892F1C79406E04A_0,Tesla Debt Upgraded By 2 Slabs At Moody's: Why The Rating Firm Is Bullish On The EV Maker,Benzinga,https://www.benzinga.com/node/25200483?utm_campaign=partner_feed&utm_medium=feed&utm_source=ravenpack,"On the margin front, Moody's expects an EBITDA margin to be 16% this year, compared with 12% in the 12 months ended September 2021.
""While the margin contribution from the sale of regulatory emission credits will likely decrease, the sale of the credits added approximately 330 basis points to margin in the 12 months ended September 2021,"" it said.
The agency said it expects Tesla's free cash flow to increase considerably in 2022, from an estimated $3.1 billion for 2021.
See Also: Tesla's Gross Margin In Focus With Q4 Earnings As Investors Look For Apple-Like Growth Story: Munster
Why It Matters: Tesla is geared up to add significant capacity this year as it brings two big factories online - Giga Berlin and Giga Texas. The rating agency expects the EV maker to further leverage the rising global demand with more capacity.
Moody's is among the first rating agencies this year to have upgraded the company's debt. Fitch Ratings and S&P Global Ratings are expected to follow suit.
Tesla crushed fourth-quarter delivery records and posted its biggest volume for both the fourth quarter and the full year 2021, earlier this month.
Price Action: Tesla shares closed 1.47% lower at $930 a share on Monday.",DD3BB1,Tesla Inc.,Fitch Ratings Inc.,,,,,,,,,"Fitch Ratings is expected to follow Moody's in upgrading Tesla's corporate debt ratings, although Fitch did not provide its own explicit rating guidance in the text.","No Fitch-specific rating drivers are stated. Factors cited in support of the anticipated upgrade include expected EBITDA margin improvement to 16% in 2022 from 12%, considerably higher free cash flow, increased production capacity from Giga Berlin and Giga Texas, and continued global demand for electric vehicles."
4,2022-01-25,BC75ABAE3459DF8B0892F1C79406E04A_1,Tesla Debt Upgraded By 2 Slabs At Moody's: Why The Rating Firm Is Bullish On The EV Maker,Benzinga,https://www.benzinga.com/node/25200483?utm_campaign=partner_feed&utm_medium=feed&utm_source=ravenpack,"Credit ratings agency Moody's on Tuesday raised Tesla Inc's (NASDAQ:TSLA) debt rating by two slabs, to Ba1 from Ba3, and said the Elon Musk-led company is on track to maintain its dominant position in the electric vehicle space.
What Happened: The latest upgrade comes nearly a year after the last change and lifts Tesla's debt rating to one level below investment grade.
Stocks rated Ba1 to Ba1 by Moody's belong to a category that is considered somewhat speculative in nature and has some exposure to risk. Those rated Baa3 onwards are considered investment grade with moderate credit risk.
The rating agency said Tesla's swiftly expanding presence in the U.S., Europe, and China will help it deliver nearly 1.4 million vehicles this year, a jump of nearly 50% over 2021.",DD3BB1,Tesla Inc.,Moody's Corp.,Ba1,,Upgrade,,,,Ba1 (upgraded from Ba3),,"Moody's said Tesla is on track to maintain its dominant position in the electric-vehicle market, supported by its expanding presence in the U.S., Europe, and China. The agency projected Tesla would deliver nearly 1.4 million vehicles in the year, about 50% more than in 2021.","Tesla's rapidly expanding presence across the U.S., Europe, and China; expected vehicle deliveries of nearly 1.4 million, representing approximately 50% year-over-year growth; and its sustained dominant position in the electric-vehicle market supported the two-notch upgrade of its debt rating to Ba1 from Ba3."
5,2022-01-25,CD69805567DD40D4BFF336FCBF7483AC_1,Moody's upgrades Tesla's corporate family rating to Ba1; outlook positive,Moody's,https://www.moodys.com/research/Moodys-upgrades-Teslas-corporate-family-rating-to-Ba1-outlook-positive--PR_461660,"Moody's anticipates liquidity to remain very good. Tesla 
had a cash balance of $16 billion as of September 30, 2021.
Furthermore, Moody's expects free cash flow to increase considerably 
in 2022, from an estimated $3.1 billion for 2021.
Availability under Tesla's $2.3 billion asset-based 
revolving credit facility is very limited, however, because 
the unpaid principal balance was $1.9 billion as of September 
30, 2021.
The positive outlook reflects Moody's expectation that Tesla will 
continue to capitalize on robust growth in global demand for battery electric 
vehicles as a steep increase in manufacturing capacity comes online in 
2022.
FACTORS THAT COULD LEAD TO AN UPGRADE OR DOWNGRADE OF THE RATINGS
The ratings could be upgraded if Tesla successfully expands its global 
footprint, maintains a strong competitive global presence as other 
automakers offer an increasing number of battery electric models, 
and improves its product breadth. Tesla's ability to sustain 
an EBITA margin of at least 7% (measured excluding the contribution 
from emission credits), and a consistent, prudent financial 
policy are also important considerations for higher ratings. Further, 
Tesla will need to maintain very good liquidity, including ample 
cash and considerable committed availability under its revolving credit 
facility.",DD3BB1,Tesla Inc.,Moody's Corp.,,Positive,,,,,,$2.3 billion asset-based revolving credit facility,"Moody's maintains a positive outlook, expecting Tesla to benefit from robust global demand for battery electric vehicles as manufacturing capacity increases substantially in 2022. Moody's expects free cash flow to rise considerably in 2022 from an estimated $3.1 billion in 2021. The ratings could be upgraded if Tesla expands its global footprint, maintains a strong competitive position despite increasing competition, broadens its product range, sustains an EBITA margin of at least 7% excluding emission credits, follows a consistent and prudent financial policy, and preserves very good liquidity with ample cash and committed revolving-credit availability.","Very good liquidity supported by a $16 billion cash balance as of September 30, 2021; expected substantial free-cash-flow growth; robust global demand for battery electric vehicles; significant manufacturing-capacity expansion expected in 2022; Tesla's global footprint, competitive position, and product breadth; ability to sustain an EBITA margin of at least 7% excluding emission credits; prudent financial policy; and continued liquidity strength. Liquidity is partly constrained because only limited availability remained under Tesla's $2.3 billion asset-based revolving credit facility, with $1.9 billion outstanding as of September 30, 2021."
6,2022-10-06,004E867FEF955AB692E35D33395653BD_0,Tesla credit rating upgraded 2 notches out of 'junk' territory at S&P Global Ratings,Morningstar,https://www.morningstar.com/news/marketwatch/20221006489/tesla-credit-rating-upgraded-2-notches-out-of-junk-territory-at-sp-global-ratings,"Shares of Tesla Inc. rose 0.3% in afternoon trading Thursday, after S&P Global Ratings raised the electric vehicle (EV) maker's credit rating by two notches into ""investment grade"" territory, given higher-than-expected deliveries and a ramp up in production to meet strong demand. The rating was raised to BBB, which is the second-lowest investment grade rating, from BB+, which was the highest speculative grade, or ""junk,"" rating. The rating outlook is now stable. ""We now view Tesla's credit profile more favorably because it continues to demonstrate market leadership in electric vehicles (EVs), with solid manufacturing efficiency that supports strong Ebitda [earnings before interest, taxes, depreciation and amortization] margins and sustained positive free operating cash flow (FOCF), above our previously established upside triggers,"" S&P Global said. Tesla's stock, which was down as much as 2.3% earlier Thursday, has gained 4.3% over the past three months while the S&P 500 has slipped 2.1%.
-Tomi Kilgore",DD3BB1,Tesla Inc.,S&P Global Inc.,BBB,Stable,Upgrade,,,,BBB (raised from BB+),,The rating outlook is stable.,"S&P Global Ratings upgraded Tesla's rating to BBB from BB+ because of higher-than-expected deliveries, increased production to meet strong demand, continued market leadership in EVs, solid manufacturing efficiency, strong EBITDA margins, and sustained positive free operating cash flow above previously established upside triggers."
7,2022-10-06,85AF5C0C495355ECA23942A910A1EAEA_0,Tesla Credit Rating Raised to Investment Grade at S&P Global,Investing.com,https://za.investing.com/news/tesla-credit-rating-raised-to-investment-grade-at-sp-global-432SI-2627966,"""The stable outlook reflects our expectation that Tesla will maintain low debt levels as it sustains its solid market share, profitability, and strong liquidity amid a weakening economy and an increasingly competitive environment for EVs,"" added S&P Global.",DD3BB1,Tesla Inc.,S&P Global Inc.,,Stable,,,,,,,"S&P Global expects Tesla to maintain low debt levels while sustaining solid market share, profitability, and strong liquidity despite a weakening economy and increasing competition in the EV market.",Low debt levels; solid market share; profitability; strong liquidity; weakening economic conditions; increasing competition in the EV market.
8,2022-10-06,85AF5C0C495355ECA23942A910A1EAEA_1,Tesla Credit Rating Raised to Investment Grade at S&P Global,Investing.com,https://za.investing.com/news/tesla-credit-rating-raised-to-investment-grade-at-sp-global-432SI-2627966," Reuters
Tesla's (NASDAQ:) credit rating, including the issuer credit rating and issue-level ratings, was raised to investment grade at S&P on Thursday, to 'BBB' from 'BB+.'
The firm made the decision to upgrade the electric vehicle giant's rating on its improving production and ""solid cash flow prospects.""
""Tesla Inc.'s reported production and deliveries for the nine months ended Sept. 30, 2022, were higher than our expectations and the ramp-up in its global capacity appears on track to meet the strong demand for its products into 2023,"" S&P Global stated in a press release.
The firm now expects Tesla to sell 2 million units in 2023 (above its prior upgrade trigger of 1.5 million units). In addition, it believes the pace of production growth and the level of manufacturing efficiency in its Austin and Berlin facilities have been better than its prior expectations.
The firm said it now views""more favorably"" as the company continues to demonstrate market leadership in electric vehicles, with solid manufacturing efficiency that supports strong EBITDA margins and sustained positive free operating cash flow, above previously established upside triggers.
""The stable outlook reflects our expectation that Tesla will maintain low debt levels as it sustains its solid market share, profitability, and strong liquidity amid a weakening economy and an increasingly competitive environment for EVs,"" added S&P Global.",DD3BB1,Tesla Inc.,S&P Global Inc.,BBB,Stable,Upgrade,,,,BBB,Issuer credit rating and issue-level ratings,"S&P Global upgraded Tesla's issuer credit and issue-level ratings to investment grade at 'BBB' from 'BB+'. The stable outlook reflects expectations that Tesla will maintain low debt, solid market share, profitability, and strong liquidity despite a weakening economy and increasing EV competition. S&P expects Tesla to sell approximately 2 million vehicles in 2023 and sustain positive free operating cash flow above previously established upgrade triggers.","The upgrade was driven by higher-than-expected production and deliveries for the nine months ended September 30, 2022; an on-track global capacity ramp-up supporting strong demand; better-than-expected production growth and manufacturing efficiency at the Austin and Berlin facilities; continued market leadership in electric vehicles; strong EBITDA margins; sustained positive free operating cash flow; solid cash flow prospects; low debt levels; and strong liquidity."
9,2022-10-06,B5D13A1BA9AD10A91DFD0CC02D5B2337_0,Tesla Credit Rating Raised to Investment Grade at S&P Global,Investing.com,https://ca.investing.com/news/stock-market-news/tesla-credit-rating-raised-to-investment-grade-at-sp-global-432SI-2788478,"TSLA -0.44% Add to/Remove from a Portfolio Add to Watchlist Add Position Position added successfully to: + Add another position Close By Sam Boughedda
Tesla's (NASDAQ:TSLA) credit rating, including the issuer credit rating and issue-level ratings, was raised to investment grade at S&P on Thursday, to 'BBB' from 'BB+.'
The firm made the decision to upgrade the electric vehicle giant's rating on its improving production and ""solid cash flow prospects.""
""Tesla Inc.'s reported production and deliveries for the nine months ended Sept. 30, 2022, were higher than our expectations and the ramp-up in its global capacity appears on track to meet the strong demand for its products into 2023,"" S&P Global stated in a press release.",DD3BB1,Tesla Inc.,S&P Global Inc.,BBB,,Upgrade,,,,BBB (raised from BB+),Issuer credit rating and issue-level debt,Tesla's global capacity ramp-up appears on track to meet strong demand for its products into 2023.,"S&P upgraded Tesla's issuer and issue-level credit ratings to investment grade ('BBB' from 'BB+') based on improving production, solid cash flow prospects, production and deliveries for the nine months ended September 30, 2022 exceeding expectations, and an on-track global capacity ramp-up supported by strong product demand."
10,2022-10-06,D59A51B9EC5BB65DD318BE9ADEF389F1_0,Tesla Nears Blue-Chip Status After S&P Upgrades Credit Score,Bloomberg News,https://www.bnnbloomberg.ca/tesla-nears-blue-chip-status-after-s-p-upgrades-credit-score-1.1829145,"""S&P's upgrade is the latest, but not the last for Tesla,"" said Joel Levington, a Bloomberg Intelligence credit analyst. ""We see its ratings eventually moving toward high BBB this year.""
The upgrades are a result of the automaker's low financial leverage and best in class margins which should continue to stand out among its global peers, he said in an email.
The carmaker now needs just one more upgrade from another major credit grader for its debt to be broadly considered investment grade. Moody's Investors Service upgraded Tesla to Ba1, one notch below investment grade in January.
""To enhance its competitive position, Tesla will need to expand its range of products to contend with a substantially higher number of models from established global automakers and startups by the end of 2025,"" the S&P analysts wrote.
(Adds Bloomberg Intelligence commentary starting in fifth paragraph.)",DD3BB1,Tesla Inc.,S&P Global Inc.,,,Upgrade,,,,high BBB,debt,"Tesla's ratings are expected to continue moving toward the high-BBB range during the year. Tesla needs one additional upgrade from another major rating agency for its debt to be broadly considered investment grade. To strengthen its competitive position, Tesla will need to expand its product range to compete with the greater number of models expected from established automakers and startups by the end of 2025.","The upgrades are supported by Tesla's low financial leverage and best-in-class profit margins, which are expected to remain stronger than those of global peers. Competitive pressure from established automakers and startups, along with the need to expand Tesla's product lineup, is a key forward credit-quality consideration."
11,2022-10-06,D59A51B9EC5BB65DD318BE9ADEF389F1_0,Tesla Nears Blue-Chip Status After S&P Upgrades Credit Score,Bloomberg News,https://www.bnnbloomberg.ca/tesla-nears-blue-chip-status-after-s-p-upgrades-credit-score-1.1829145,"""S&P's upgrade is the latest, but not the last for Tesla,"" said Joel Levington, a Bloomberg Intelligence credit analyst. ""We see its ratings eventually moving toward high BBB this year.""
The upgrades are a result of the automaker's low financial leverage and best in class margins which should continue to stand out among its global peers, he said in an email.
The carmaker now needs just one more upgrade from another major credit grader for its debt to be broadly considered investment grade. Moody's Investors Service upgraded Tesla to Ba1, one notch below investment grade in January.
""To enhance its competitive position, Tesla will need to expand its range of products to contend with a substantially higher number of models from established global automakers and startups by the end of 2025,"" the S&P analysts wrote.
(Adds Bloomberg Intelligence commentary starting in fifth paragraph.)",DD3BB1,Tesla Inc.,Moody's Corp.,Ba1,,Upgrade,,,,Ba1,debt,"Tesla's ratings are expected to move toward the high-BBB range during the year. Tesla needs one additional upgrade from another major credit grader for its debt to be broadly considered investment grade. To strengthen its competitive position, Tesla will need to expand its product range by the end of 2025 to compete with the significantly larger number of models offered by established automakers and startups.","The upgrades are supported by Tesla's low financial leverage and best-in-class profit margins, which are expected to remain stronger than those of global peers. Competitive pressure from established automakers and startups, and the need to expand Tesla's product lineup, are key considerations. Moody's upgraded Tesla to Ba1, one notch below investment grade."
12,2022-10-06,D59A51B9EC5BB65DD318BE9ADEF389F1_1,Tesla Nears Blue-Chip Status After S&P Upgrades Credit Score,Bloomberg News,https://www.bnnbloomberg.ca/tesla-nears-blue-chip-status-after-s-p-upgrades-credit-score-1.1829145,"(Bloomberg) -- Tesla Inc. is one step closer to clinching overall blue-chip status after S&P Global Ratings raised the electric-vehicle maker's credit score to investment grade.
The Austin, Texas-based company's rating was upgraded to BBB on Thursday, two steps above junk, from BB+ by S&P, analysts Nishit Madlani and David Binns said in a statement.
""We now view Tesla's credit profile more favorably because it continues to demonstrate market leadership in electric vehicles (EVs), with solid manufacturing efficiency that supports strong EBITDA margins and sustained positive free operating cash flow,"" they wrote, referring to a measure of earnings before interest, taxes, depreciation and amortization.
Tesla delivered 343,830 vehicles globally in the third quarter and is slated to report earnings Oct. 19. In recent quarters, it has paid down its debt while remaining the world's leading maker of electric cars, with four auto plants on three continents.",DD3BB1,Tesla Inc.,S&P Global Inc.,BBB,,Upgrade,,,,BBB,,,"S&P Global Ratings upgraded Tesla's credit rating to BBB from BB+, citing continued market leadership in electric vehicles, solid manufacturing efficiency, strong EBITDA margins, sustained positive free operating cash flow, recent debt repayment, and its position as the world's leading electric-vehicle manufacturer with four plants across three continents."
13,2022-10-06,E493D40652F2DA32AA9EFA07A36A64BD_0,"--S&P Upgrades Tesla To 'BBB' From 'BB+' On Improving Production, Solid Cash Flow Prospects; Outlook Stable",MT Newswires,,"--S&P Upgrades Tesla To 'BBB' From 'BB+' On Improving Production, Solid Cash Flow Prospects; Outlook Stable",DD3BB1,Tesla Inc.,S&P Global Inc.,BBB,Stable,Upgrade,,,,BBB (upgraded from BB+),,Outlook stable.,Improving production and solid cash flow prospects supported the upgrade of Tesla's corporate credit rating to 'BBB' from 'BB+'.
14,2023-03-20,12FBE5245B8017D8DFAFF214BCEEC824_0,"Moody's upgrades Tesla's credit rating, declares outlook stable ",The Fly,,"Moody's Investors Service assigned a Baa3 long-term issuer rating to Tesla and withdrew the Ba1 corporate family rating, the Ba1-PD probability of default rating, as well as the SGL-1 speculative grade liquidity rating. The outlook is stable. The rating action reflects Moody's expectation that ""Tesla will remain one of the foremost manufacturers of battery electric vehicles with an expanding global presence and very high profitability."" The upgrade also incorporates governance considerations, including Tesla's prudent financial policy and management's operational track record.",DD3BB1,Tesla Inc.,Moody's Corp.,Baa3 long-term issuer rating; Ba1 corporate family rating; Ba1-PD probability of default rating; SGL-1 speculative grade liquidity rating,Stable,Upgrade,"Withdrawn (Ba1 corporate family rating, Ba1-PD probability of default rating, and SGL-1 speculative grade liquidity rating)",,,Baa3,,"The outlook is stable. Moody's expects Tesla to remain one of the foremost battery-electric vehicle manufacturers, with an expanding global presence and very high profitability.","Tesla's expected strong competitive position in battery-electric vehicles, expanding global presence, and very high profitability; prudent financial policy; and management's strong operational track record and governance."
15,2023-03-21,98B2F99D36719A0AC470E0111A1E50E3_0,"S&P 500 Hits 4,000, Bank Stocks Soar, Treasury Yields Rise, As Worries Over Banking Crisis Ease - Traders Await FOMC",Benzinga,https://www.benzinga.com/node/31433432?utm_campaign=partner_feed&utm_medium=feed&utm_source=ravenpack,"First Republic Bank (NYSE:FRC) soared 45% to $16.7 as optimism over banking stocks resumed. All major banks posted strong gains with Bank of America (NYSE:BAC) 3.4%, Citigroup (NYSE:C) 3.5%, Morgan Stanley (NYSE:MS) 3.4%, Wells Fargo (NYSE:WFC) 3%, Goldman Sachs (NYSE:GS) 3%, JP Morgan Chase & Co. (NYSE:JPM) 2.8%.
Tesla Inc. (NASDAQ:TSLA) rocketed 7.6%, reacting to Moody's upgrade of its credit rating and China weekly insurance registration data.
Exxon Mobil Corp (NYSE:XOM) rose 4.5%, on the back of oil price gains with WTI-grade crude rising 2.4% to $69.7 a barrel.
Meta Platforms Inc. (NASDAQ:META) added about 1.6% after Morgan Stanley upgraded the stock from Equal-Weight to Overweight. Earnings report:
* Canadian Solar Inc. (NASDAQ:CSIQ) reported 1.11 EPS in Q4 2022, posting a 58% increase above consensus forecasts of 0.70. Revenues were 2.5% higher than forecasts ($1.97 vs $1.92 billion). The stock price soared 16%.
Tencent Music Entertainment Group (NYSE:TME) reported weaker-than-expected EPS in Q4 2022 (0.104 vs 0.114), while revenues were broadly in line with forecasts ($1.076 vs $1.064 billion). TME shares cratered almost 9%.
GameStop Corp. (NYSE:GME) and Nike Inc. (NYSE:NKE) will report after market close.",DD3BB1,Tesla Inc.,Moody's Corp.,,,Upgrade,,,,,,,"Moody's upgraded Tesla's credit rating; the upgrade, together with China weekly insurance registration data, contributed to a 7.6% increase in Tesla's share price. No specific rationale for the upgrade or forward rating guidance was provided."
16,2023-03-21,9718D9D510B48708AD9CAC853C934BB4_0,Tesla Stock Brushes Off SVB Financial Crash As China Deliveries Ramp Up,Investor's Business Daily (IBD),https://www.investors.com/news/tesla-stock-brushes-off-svb-financial-crash-as-china-deliveries-ramp-up/,"Moody's Investors Service upgraded Tesla's credit rating by one notch to Baa3, giving it investment-grade status from a prior junk rating. S&P Global did the same in October. An investment grade from at least two major credit ratings agencies is considered important.
Moody's wrote that the EV giant's outlook is stable and that it expects free cash flow of more than $7 billion and limited debt through 2025.
""Tesla will remain one of the foremost manufacturers of battery electric vehicles with an expanding global presence and very high profitability,"" Moody's wrote Monday.
Tesla Stock
Tesla stock rose 2% Tuesday in premarket trade. Shares edged up 1.7% to 183.25 Monday.
Since March 13, Tesla stock has gained around 6% even as the failures of SVB Financial, Signature Bank of New York and Credit Suisse (CS) trigger worries of broader financial instability.",DD3BB1,Tesla Inc.,Moody's Corp.,Baa3,Stable,Upgrade,Investment-grade status,,,Baa3,,Moody's assigned Tesla a stable outlook and expects it to generate more than $7 billion in free cash flow while maintaining limited debt through 2025.,"The upgrade to Baa3 was supported by expectations of strong free cash flow generation, limited debt, Tesla's position as a leading battery-electric vehicle manufacturer, expanding global presence, and very high profitability."
17,2023-03-21,9718D9D510B48708AD9CAC853C934BB4_0,Tesla Stock Brushes Off SVB Financial Crash As China Deliveries Ramp Up,Investor's Business Daily (IBD),https://www.investors.com/news/tesla-stock-brushes-off-svb-financial-crash-as-china-deliveries-ramp-up/,"Moody's Investors Service upgraded Tesla's credit rating by one notch to Baa3, giving it investment-grade status from a prior junk rating. S&P Global did the same in October. An investment grade from at least two major credit ratings agencies is considered important.
Moody's wrote that the EV giant's outlook is stable and that it expects free cash flow of more than $7 billion and limited debt through 2025.
""Tesla will remain one of the foremost manufacturers of battery electric vehicles with an expanding global presence and very high profitability,"" Moody's wrote Monday.
Tesla Stock
Tesla stock rose 2% Tuesday in premarket trade. Shares edged up 1.7% to 183.25 Monday.
Since March 13, Tesla stock has gained around 6% even as the failures of SVB Financial, Signature Bank of New York and Credit Suisse (CS) trigger worries of broader financial instability.",DD3BB1,Tesla Inc.,S&P Global Inc.,,,Upgrade,Investment-grade status,,,Investment grade,,,"Tesla's upgrade to investment grade was supported by expectations of more than $7 billion in free cash flow and limited debt through 2025, as well as its position as a leading battery-electric-vehicle manufacturer, expanding global presence, and very high profitability."
18,2023-03-21,8148C73FEDAFDDC194574EAD1EA0843D_0,Tesla's Credit Rating Just Got Upgraded From Junk To Investment-Grade Status At Moody's: What That Means For The EV Maker,Benzinga,https://www.benzinga.com/node/31438547?utm_campaign=partner_feed&utm_medium=feed&utm_source=ravenpack,"Moody's Investor Service on Monday upgraded Tesla Inc.'s (NASDAQ:TSLA) credit rating late Monday, moving it from junk territory to investment-grade status.
What Happened: Tesla's long-term issuer rating has been upped by one notch from ""Ba1"" to ""Baa3."" Moody's long-term obligation ratings are opinions of the relative credit risk of fixed income dent with an original maturity of a year or more. ""Baa"" correlates to obligations posing moderate credit risk.
Standard & Poor's, a Moody's rival, upgraded its credit rating for Tesla from ""BB+"" to ""BBB,"" in October, premised on improving production and solid cash flow prospects.
See Also: Mark Cuban-Backed Startup Delivers Charging To EVs - Just Like Ordering From 'Uber Eats or GrubHub'",DD3BB1,Tesla Inc.,S&P Global Inc.,BBB,,Upgrade,,,,BB+ to BBB,,,Improving production and solid cash flow prospects supported S&P's upgrade of Tesla's credit rating from BB+ to BBB.
19,2023-03-21,007D05F94893E43DC7568ECFB0FEDDFE_0,Tesla Finally Exits Junk-Rated World After Moody's Upgrade,BNN Bloomberg,https://www.bnnbloomberg.ca/tesla-finally-exits-junk-rated-world-after-moody-s-upgrade-1.1898189,"(Bloomberg) -- Elon Musk-loving stock traders are famously bullish on Tesla Inc., the eighth most-valued company in the world. Now credit-rating providers, playing catch-up, are giving heft to the automaker's blue-chip valuation.
Moody's Investors Service on Monday became the second credit ratings firm to endow Tesla with investment-grade status, upgrading the Austin-based firm's credit score by one notch to Baa3 on Monday. It follows a similar move by S&P Global Ratings in October.
""Tesla will maintain its position as one of the leading manufacturers of battery electric vehicles, as the company further solidifies its global footprint,"" Rene Lipsch, senior credit officer at Moody's, wrote in the statement.
The credit grader also cited the automaker's expanding product offering, including early production of the Cybertruck slated for later this year, its regional production facilities and heightened focus on the efficiency and financial leverage that's well below one time after Tesla repaid about $10 billion of debt in the last three years.",DD3BB1,Tesla Inc.,Moody's Corp.,Baa3,,Upgrade,Investment-grade status,,,Baa3,Debt,Moody's expects Tesla to maintain its position as a leading battery-electric vehicle manufacturer and further solidify its global footprint. Early Cybertruck production was slated for later in the year.,"Tesla's expanding product offering, including the Cybertruck; regional production facilities; focus on operating efficiency; financial leverage below 1.0x; and repayment of approximately $10 billion of debt over the previous three years."
20,2023-03-21,8148C73FEDAFDDC194574EAD1EA0843D_0,Tesla's Credit Rating Just Got Upgraded From Junk To Investment-Grade Status At Moody's: What That Means For The EV Maker,Benzinga,https://www.benzinga.com/node/31438547?utm_campaign=partner_feed&utm_medium=feed&utm_source=ravenpack,"Moody's Investor Service on Monday upgraded Tesla Inc.'s (NASDAQ:TSLA) credit rating late Monday, moving it from junk territory to investment-grade status.
What Happened: Tesla's long-term issuer rating has been upped by one notch from ""Ba1"" to ""Baa3."" Moody's long-term obligation ratings are opinions of the relative credit risk of fixed income dent with an original maturity of a year or more. ""Baa"" correlates to obligations posing moderate credit risk.
Standard & Poor's, a Moody's rival, upgraded its credit rating for Tesla from ""BB+"" to ""BBB,"" in October, premised on improving production and solid cash flow prospects.
See Also: Mark Cuban-Backed Startup Delivers Charging To EVs - Just Like Ordering From 'Uber Eats or GrubHub'",DD3BB1,Tesla Inc.,Moody's Corp.,Baa3,,Upgrade,Investment-grade status,,,Baa3,Long-term obligations (fixed-income debt with an original maturity of one year or more),,"Tesla's credit upgrade is placed in the context of improving production and solid cash flow prospects, which were cited by S&P Global as the basis for its earlier upgrade. Moody's specific rationale was not provided."
21,2023-03-21,007D05F94893E43DC7568ECFB0FEDDFE_0,Tesla Finally Exits Junk-Rated World After Moody's Upgrade,BNN Bloomberg,https://www.bnnbloomberg.ca/tesla-finally-exits-junk-rated-world-after-moody-s-upgrade-1.1898189,"(Bloomberg) -- Elon Musk-loving stock traders are famously bullish on Tesla Inc., the eighth most-valued company in the world. Now credit-rating providers, playing catch-up, are giving heft to the automaker's blue-chip valuation.
Moody's Investors Service on Monday became the second credit ratings firm to endow Tesla with investment-grade status, upgrading the Austin-based firm's credit score by one notch to Baa3 on Monday. It follows a similar move by S&P Global Ratings in October.
""Tesla will maintain its position as one of the leading manufacturers of battery electric vehicles, as the company further solidifies its global footprint,"" Rene Lipsch, senior credit officer at Moody's, wrote in the statement.
The credit grader also cited the automaker's expanding product offering, including early production of the Cybertruck slated for later this year, its regional production facilities and heightened focus on the efficiency and financial leverage that's well below one time after Tesla repaid about $10 billion of debt in the last three years.",DD3BB1,Tesla Inc.,S&P Global Inc.,,,Upgrade,Investment-grade status,,,investment-grade,corporate debt,Tesla is expected to maintain its position as a leading battery-electric-vehicle manufacturer while further solidifying its global footprint.,"The upgrade to investment-grade status was supported by Tesla's expanding product offering, including the planned early production of the Cybertruck; regional production facilities; increased focus on efficiency; and significantly improved financial leverage, which was below 1.0x after the repayment of approximately $10 billion of debt over the prior three years."
