Date,Day_in_Review,Topic,Summary,Source,Headline,Text,Volume_Score,Text_Summary,Volume_Score,Novelty_Score,Impact_Score,Magnitude_Score
2025-08-18,"- Anticipation of a hawkish shift in the Bank of Japan's (BoJ) policy ahead of Jackson Hole, influenced by key economic indicators (PMI, CPI).
- Fed's monetary policy direction under scrutiny, with focus on recent economic data and upcoming jobless claims report.
- Jerome Powell's address at Jackson Hole expected to provide insights on interest rate adjustments and responses to inflation.
- Potential impacts on US Dollar performance and cryptocurrency sector due to central bank communications.
- Leadership dynamics within central banks critical for market stability and credibility in policy implementation.",Central Banks Under Pressure: Anticipation of Hawkish Shifts from BoJ and Fed at Jackson Hole,"The monetary policy outlook is currently under intense scrutiny, particularly regarding the Bank of Japan (BoJ) and the Federal Reserve (Fed). Markets are anticipating a potential hawkish shift in the BoJ's policy, especially with insights expected from Governor Ueda at the upcoming Jackson Hole symposium, despite no scheduled appearance. Key economic indicators such as the preliminary Purchasing Managers' Index (PMI) and Consumer Price Index (CPI) are critical in shaping the BoJ's decisions, with implications for interest rates and currency valuation. Similarly, the Fed's monetary policy direction is a focal point for investors, particularly in light of recent economic data and the upcoming jobless claims report. Fed Chairman Jerome Powell's address at Jackson Hole is highly anticipated, as it may provide insights into interest rate adjustments and the Fed's response to inflation and economic growth. This event is pivotal for market sentiment, influencing the US Dollar's performance and the cryptocurrency sector. The leadership dynamics within central banks, particularly the role of the chairman in fostering consensus and communicating policy stances, are essential for maintaining market stability and credibility in monetary policy implementation.",FXStreet News,JPY quiet and range bound ahead of CPI and PMI's - Scotiabank,"""Domestic developments have been limited and all eyes are on the preliminary PMI's and CPI data scheduled for release later this week. We also expect to hear from BoJ Gov. Ueda at the upcoming Jackson Hole symposium but note the absence of a publicly scheduled appearance. The outlook for relative central bank policy remains supportive as markets look to a renewed hawkishness from the BoJ.""",1,"Market anticipation builds for potential hawkish shifts from the BoJ and Fed at Jackson Hole, with key economic data releases and Governor Ueda's remarks expected to influence central bank policy outlook.",1,Old,Negative,High
2025-08-20,"- Anticipation of a hawkish shift in the Bank of Japan's (BoJ) policy ahead of Jackson Hole, influenced by key economic indicators (PMI, CPI).
- Fed's monetary policy direction under scrutiny, with focus on recent economic data and upcoming jobless claims report.
- Jerome Powell's address at Jackson Hole expected to provide insights on interest rate adjustments and responses to inflation.
- Potential impacts on US Dollar performance and cryptocurrency sector due to central bank announcements.
- Leadership dynamics within central banks critical for market stability and credibility in policy communication.",Central Banks Under Pressure: Anticipation of Hawkish Shifts from BoJ and Fed at Jackson Hole,"The monetary policy outlook is currently under intense scrutiny, particularly regarding the Bank of Japan (BoJ) and the Federal Reserve (Fed). Markets are anticipating a potential hawkish shift in the BoJ's policy, especially with insights expected from Governor Ueda at the upcoming Jackson Hole symposium, despite no scheduled appearance. Key economic indicators such as the preliminary Purchasing Managers' Index (PMI) and Consumer Price Index (CPI) are critical in shaping the BoJ's decisions, with implications for interest rates and currency valuation. Similarly, the Fed's monetary policy direction is a focal point for investors, particularly in light of recent economic data and the upcoming jobless claims report. Fed Chairman Jerome Powell's address at Jackson Hole is highly anticipated, as it may provide insights into interest rate adjustments and the Fed's response to inflation and economic growth. This event is pivotal for market sentiment, influencing the US Dollar's performance and the cryptocurrency sector. The leadership dynamics within central banks, particularly the role of the chairman in fostering consensus and communicating policy stances, are essential for maintaining market stability and credibility in monetary policy implementation.",Crypto Wire,"Coinbase Drops ""1 BTC"" Tweet as Bitcoin Price Slips Under $114,000","Fed signals awaited
The crypto market was trading down early Wednesday as investors awaited the Federal Reserve's meeting minutes from July and further signals about the path of monetary policy. The Fed is scheduled to release minutes from its July 29-30 policy meeting on Wednesday.
You Might Also Like
Bitcoin was trading down 2.05% in the last 24 hours to $113,269, extending its drop from its record high of $124,533 reached on Aug. 14, 2023. The cryptocurrency is down nearly 7% weekly.
This week, investors are watching closely the Fed's annual economic symposium in Jackson Hole, Wyoming, for hints about what may happen at the central bank's remaining policy sessions this year. Fed Chairman Jerome Powell is scheduled to speak at the symposium this Friday. If Powell indicates imminent dovish policy, cryptocurrencies may rebound. Crypto traders will also be following Thursday's jobless claims data.",1,Investors are closely monitoring the Fed's upcoming meeting minutes and Jackson Hole symposium for potential hawkish signals that could impact monetary policy and the cryptocurrency market.,1,Old,Negative,High
2025-08-20,"- Anticipation of a hawkish shift in the Bank of Japan's (BoJ) policy ahead of Jackson Hole, influenced by key economic indicators (PMI, CPI).
- Fed's monetary policy direction under scrutiny, with focus on recent economic data and upcoming jobless claims report.
- Jerome Powell's address at Jackson Hole expected to provide insights on interest rate adjustments and responses to inflation.
- Potential impacts on US Dollar performance and cryptocurrency sector due to central bank announcements.
- Leadership dynamics within central banks critical for market stability and credibility in policy communication.",Central Banks Under Pressure: Anticipation of Hawkish Shifts from BoJ and Fed at Jackson Hole,"The monetary policy outlook is currently under intense scrutiny, particularly regarding the Bank of Japan (BoJ) and the Federal Reserve (Fed). Markets are anticipating a potential hawkish shift in the BoJ's policy, especially with insights expected from Governor Ueda at the upcoming Jackson Hole symposium, despite no scheduled appearance. Key economic indicators such as the preliminary Purchasing Managers' Index (PMI) and Consumer Price Index (CPI) are critical in shaping the BoJ's decisions, with implications for interest rates and currency valuation. Similarly, the Fed's monetary policy direction is a focal point for investors, particularly in light of recent economic data and the upcoming jobless claims report. Fed Chairman Jerome Powell's address at Jackson Hole is highly anticipated, as it may provide insights into interest rate adjustments and the Fed's response to inflation and economic growth. This event is pivotal for market sentiment, influencing the US Dollar's performance and the cryptocurrency sector. The leadership dynamics within central banks, particularly the role of the chairman in fostering consensus and communicating policy stances, are essential for maintaining market stability and credibility in monetary policy implementation.",Crypto Wire,"Coinbase Drops ""1 BTC"" Tweet as Bitcoin Price Slips Under $114,000","Fed signals awaited
The crypto market was trading down early Wednesday as investors awaited the Federal Reserve's meeting minutes from July and further signals about the path of monetary policy. The Fed is scheduled to release minutes from its July 29-30 policy meeting on Wednesday.
You Might Also Like
Bitcoin was trading down 2.05% in the last 24 hours to $113,269, extending its drop from its record high of $124,533 reached on Aug. 14, 2023. The cryptocurrency is down nearly 7% weekly.
This week, investors are watching closely the Fed's annual economic symposium in Jackson Hole, Wyoming, for hints about what may happen at the central bank's remaining policy sessions this year. Fed Chairman Jerome Powell is scheduled to speak at the symposium this Friday. If Powell indicates imminent dovish policy, cryptocurrencies may rebound. Crypto traders will also be following Thursday's jobless claims data.",1,Investors are closely monitoring the Fed's upcoming meeting minutes and Jackson Hole symposium for potential hawkish signals that could impact monetary policy and the cryptocurrency market.,1,Old,Negative,High
2025-08-21,"- **BoJ and Fed Anticipation**: Markets expect a hawkish shift from the Bank of Japan (BoJ) and the Federal Reserve (Fed) at the Jackson Hole symposium, with key insights from Governor Ueda and Chairman Powell.
- **Economic Indicators**: Preliminary PMI and CPI data are critical for shaping BoJ's policy decisions, influencing interest rates and currency valuation.
- **Fed's Focus**: Upcoming jobless claims report and Powell's address may signal interest rate adjustments in response to inflation and economic growth, impacting US Dollar and cryptocurrency markets.
- **Swiss Exports Decline**: Recent data shows a drop in Swiss exports, raising concerns about the Swiss economy's resilience and putting pressure on the Swiss Franc (CHF).
- **SNB Policy Reassessment**: The decline in export activity may lead the Swiss National Bank (SNB) to reconsider its monetary policy, potentially affecting CHF's value against the US Dollar.",Central Banks Under Pressure: Anticipation of Hawkish Shifts from BoJ and Fed at Jackson Hole,"The monetary policy outlook is currently under intense scrutiny, particularly regarding the Bank of Japan (BoJ) and the Federal Reserve (Fed). Markets are anticipating a potential hawkish shift in the BoJ's policy, especially with insights expected from Governor Ueda at the upcoming Jackson Hole symposium, despite no scheduled appearance. Key economic indicators such as the preliminary Purchasing Managers' Index (PMI) and Consumer Price Index (CPI) are critical in shaping the BoJ's decisions, with implications for interest rates and currency valuation. Similarly, the Fed's monetary policy direction is a focal point for investors, particularly in light of recent economic data and the upcoming jobless claims report. Fed Chairman Jerome Powell's address at Jackson Hole is highly anticipated, as it may provide insights into interest rate adjustments and the Fed's response to inflation and economic growth. This event is pivotal for market sentiment, influencing the US Dollar's performance and the cryptocurrency sector. The leadership dynamics within central banks, particularly the role of the chairman in fostering consensus and communicating policy stances, are essential for maintaining market stability and credibility in monetary policy implementation.",MT Newswires,"Earnings, Fed Outlook Limit Wall Street Pre-Bell; Asia Mixed Europe Off","07:17 AM EDT, 08/21/2025 (MT Newswires) -- Wall Street futures pointed modestly lower pre-bell Thursday, as traders digested the earnings season and awaited reports from the pending annual global central-bank gathering in Jackson Hole, Wyoming.
Federal Reserve Chief Jerome Powell is slated to address the Kansas City Fed-hosted event at 10 am ET on Friday, with his remarks to be scoured for clues to the central bank's outlook.
In the futures, the S&P 500 fell 0.2%, the Nasdaq declined 0.1% and the Dow Jones was off 0.4%.
In earnings news, Walmart (WMT) traded down more than 2% pre-bell after the retail colossus reported fiscal Q2 earnings below Street views, but topped revenue outlooks, and issued modestly upgraded guidance, in pre-bell hours.",1,"Traders await insights from Fed Chair Jerome Powell at the Jackson Hole gathering, as Wall Street futures dip amid mixed earnings reports, reflecting heightened anticipation of hawkish policy shifts from central banks.",1,Old,Negative,High
2025-08-21,"- **BoJ and Fed Anticipation**: Markets expect a hawkish shift from the Bank of Japan (BoJ) and the Federal Reserve (Fed) at the Jackson Hole symposium, with key insights from Governor Ueda and Chairman Powell.
- **Economic Indicators**: Preliminary PMI and CPI data are critical for shaping BoJ's policy decisions, influencing interest rates and currency valuation.
- **Fed's Focus**: Upcoming jobless claims report and Powell's address may signal interest rate adjustments in response to inflation and economic growth, impacting US Dollar and cryptocurrency markets.
- **Swiss Exports Decline**: Recent data shows a drop in Swiss exports, raising concerns about the Swiss economy's resilience and putting pressure on the Swiss Franc (CHF).
- **SNB Policy Reassessment**: The decline in export activity may lead the Swiss National Bank (SNB) to reconsider its monetary policy, potentially affecting CHF's value against the US Dollar.",Central Banks Under Pressure: Anticipation of Hawkish Shifts from BoJ and Fed at Jackson Hole,"The monetary policy outlook is currently under intense scrutiny, particularly regarding the Bank of Japan (BoJ) and the Federal Reserve (Fed). Markets are anticipating a potential hawkish shift in the BoJ's policy, especially with insights expected from Governor Ueda at the upcoming Jackson Hole symposium, despite no scheduled appearance. Key economic indicators such as the preliminary Purchasing Managers' Index (PMI) and Consumer Price Index (CPI) are critical in shaping the BoJ's decisions, with implications for interest rates and currency valuation. Similarly, the Fed's monetary policy direction is a focal point for investors, particularly in light of recent economic data and the upcoming jobless claims report. Fed Chairman Jerome Powell's address at Jackson Hole is highly anticipated, as it may provide insights into interest rate adjustments and the Fed's response to inflation and economic growth. This event is pivotal for market sentiment, influencing the US Dollar's performance and the cryptocurrency sector. The leadership dynamics within central banks, particularly the role of the chairman in fostering consensus and communicating policy stances, are essential for maintaining market stability and credibility in monetary policy implementation.",FXStreet News,"USD/CHF keeps wavering around 0.8050, awaiting fundamental triggers","The US Dollar found support at 0.8025 on Wednesday, which leaves the pair trapped within the weekly range below 0.8890.
Investors are awaiting Fed Powell's speech for more clues about the bank's monetary policy plans.
The CHF is on the defensive as Swiss Trade Balance data highlights a weakening export activity.
The US Dollar reversal from Wednesday's highs around 0.8090 against the Swiss Franc has been contained right above 0.8020, which leaves the pair moving back and forth within the 70-pip range where it has been trapped for more than seven days.
Investors are showing a cautious mood on Thursday, with volumes at relatively low levels. Later today, the US preliminary PMI and Jobless Claims figures might provide some guidance to the US Dollar. Still, the pair is unlikely to break the channel´s boundaries ahead of Fed Powell's speech on Friday.",1,"Weakening Swiss export activity pressures the CHF, prompting a reassessment of SNB policies amid cautious investor sentiment and limited movement in USD/CHF trading.",1,Old,Negative,High
2025-08-21,"- **BoJ and Fed Anticipation**: Markets expect a hawkish shift from the Bank of Japan (BoJ) and the Federal Reserve (Fed) at the Jackson Hole symposium, with key insights from Governor Ueda and Chairman Powell.
- **Economic Indicators**: Preliminary PMI and CPI data are critical for shaping BoJ's policy decisions, influencing interest rates and currency valuation.
- **Fed's Focus**: Upcoming jobless claims report and Powell's address may signal interest rate adjustments in response to inflation and economic growth, impacting US Dollar and cryptocurrency markets.
- **Swiss Exports Decline**: Recent data shows a drop in Swiss exports, raising concerns about the Swiss economy's resilience and putting pressure on the Swiss Franc (CHF).
- **SNB Policy Reassessment**: The decline in export activity may lead the Swiss National Bank (SNB) to reconsider its monetary policy, potentially affecting CHF's value against the US Dollar.","Declining Swiss Exports Pressure CHF, Prompting SNB Policy Reassessment","Recent data on the Swiss Trade Balance indicates a decline in export activity, raising concerns about the resilience of the Swiss economy. This weakening performance of exports is impacting the Swiss Franc (CHF), which is currently on the defensive. The situation may prompt the Swiss National Bank (SNB) to reassess its monetary policy, potentially leading to changes in interest rates or other measures that could further affect the CHF's value against the US Dollar. Understanding the relationship between export activity, trade balance, and central bank responses is crucial for analyzing currency movements in light of economic indicators.",FXStreet News,"USD/CHF keeps wavering around 0.8050, awaiting fundamental triggers","The US Dollar found support at 0.8025 on Wednesday, which leaves the pair trapped within the weekly range below 0.8890.
Investors are awaiting Fed Powell's speech for more clues about the bank's monetary policy plans.
The CHF is on the defensive as Swiss Trade Balance data highlights a weakening export activity.
The US Dollar reversal from Wednesday's highs around 0.8090 against the Swiss Franc has been contained right above 0.8020, which leaves the pair moving back and forth within the 70-pip range where it has been trapped for more than seven days.
Investors are showing a cautious mood on Thursday, with volumes at relatively low levels. Later today, the US preliminary PMI and Jobless Claims figures might provide some guidance to the US Dollar. Still, the pair is unlikely to break the channel´s boundaries ahead of Fed Powell's speech on Friday.",1,"Weakening Swiss export activity pressures the CHF, prompting a reassessment of SNB policies amid cautious investor sentiment and limited movement in USD/CHF trading.",1,New,Negative,Medium
2025-08-26,"- Anticipation of a hawkish shift in the Bank of Japan's (BoJ) policy ahead of Jackson Hole, influenced by key economic indicators (PMI, CPI).
- Fed's monetary policy direction under scrutiny, with focus on recent economic data and upcoming jobless claims report.
- Jerome Powell's address at Jackson Hole expected to provide insights on interest rate adjustments and responses to inflation.
- Potential impacts on US Dollar performance and the cryptocurrency sector due to central bank announcements.
- Leadership dynamics within central banks critical for market stability and credibility in policy communication.",Central Banks Under Pressure: Anticipation of Hawkish Shifts from BoJ and Fed at Jackson Hole,"The monetary policy outlook is currently under intense scrutiny, particularly regarding the Bank of Japan (BoJ) and the Federal Reserve (Fed). Markets are anticipating a potential hawkish shift in the BoJ's policy, especially with insights expected from Governor Ueda at the upcoming Jackson Hole symposium, despite no scheduled appearance. Key economic indicators such as the preliminary Purchasing Managers' Index (PMI) and Consumer Price Index (CPI) are critical in shaping the BoJ's decisions, with implications for interest rates and currency valuation. Similarly, the Fed's monetary policy direction is a focal point for investors, particularly in light of recent economic data and the upcoming jobless claims report. Fed Chairman Jerome Powell's address at Jackson Hole is highly anticipated, as it may provide insights into interest rate adjustments and the Fed's response to inflation and economic growth. This event is pivotal for market sentiment, influencing the US Dollar's performance and the cryptocurrency sector. The leadership dynamics within central banks, particularly the role of the chairman in fostering consensus and communicating policy stances, are essential for maintaining market stability and credibility in monetary policy implementation.",FXStreet News, USD/JPY consolidates near 147.90 as Fed's Cook vows to stay,"Is there a president or head of a central bank?
Normally, there is a chairman or president who leads each meeting, needs to create a consensus between the hawks or doves and has his or her final say when it would come down to a vote split to avoid a 50-50 tie on whether the current policy should be adjusted. The chairman will deliver speeches which often can be followed live, where the current monetary stance and outlook is being communicated. A central bank will try to push forward its monetary policy without triggering violent swings in rates, equities, or its currency. All members of the central bank will channel their stance toward the markets in advance of a policy meeting event. A few days before a policy meeting takes place until the new policy has been communicated, members are forbidden to talk publicly. This is called the blackout period.",1,"Central banks, led by a chairman, must navigate consensus among members while managing market expectations and avoiding volatility ahead of policy meetings, particularly in the context of anticipated hawkish shifts from the BoJ and Fed at Jackson Hole.",1,New,Negative,High
