Entity,Date,Summary,Key Points
Alphabet Inc.,2025-09-19 00:00:00,"Alphabet Inc. is positioned to face significant challenges due to the introduction of a high fee on H-1B visas. The company, along with other major tech firms like Google, Microsoft, and Amazon, may need to rethink their hiring practices as the new fee could make it more difficult for foreign workers to access U.S. job opportunities. This change is expected to impact not only new visa applications but also renewals, potentially limiting the talent pool for these companies.","['The introduction of a high fee on H-1B visas could lead to a dramatic rethink of hiring practices for Alphabet Inc. and other major tech companies.', 'The fee makes access to U.S. jobs harder and far more exclusive for foreign workers hoping to land positions at Alphabet Inc.', 'The fee will apply to both new H-1B visa applications and renewals, affecting the hiring strategy of Alphabet Inc.']"
Alphabet Inc.,2025-09-20 00:00:00,"Alphabet Inc. is now facing the introduction of a $100,000 annual fee on H-1B visas, as announced by President Donald Trump. This significant fee is expected to disproportionately affect smaller companies and startups, while larger corporations like Google may be able to absorb the costs. However, there are concerns that this steep fee will lead to a reduction in the hiring of junior and mid-level talent, which is crucial for innovation in the tech sector. Industry experts warn that this could create immediate talent shortages and slow down innovation, as companies like Google heavily rely on skilled foreign workers. Additionally, the fee may push some companies to consider offshoring jobs, further impacting the U.S. labor market. Critics argue that the extraordinary fee transforms H-1B hiring into a high-stakes calculation, potentially stifling the growth of the U.S. tech industry.","['The introduction of a $100,000 annual fee on H-1B visas is expected to hit smaller companies and startups the hardest, while larger firms like Google may manage the increased costs.', 'There is a concern that the fee will lead to a decline in hiring junior and mid-level talent, which is essential for driving innovation in the tech sector.']"
Alphabet Inc.,2025-09-21 00:00:00,"Alphabet Inc. is facing significant financial implications due to the proposed $100,000 annual fee on H-1B visas, which could result in hundreds of millions of dollars in additional costs. The company has advised its H-1B visa employees to avoid international travel and return to the U.S. promptly to mitigate potential re-entry difficulties. This response highlights Alphabet's concerns about the broader impact on the tech industry, particularly regarding the ability to fill critical positions and maintain a competitive advantage. Additionally, Alphabet, along with other major tech firms, is expected to scale back visa hires due to the high costs associated with the new fee, which could lead to project delays and increased operational costs.","['Alphabet Inc. is concerned about the financial implications of the proposed $100,000 annual fee on H-1B visas, which could lead to hundreds of millions of dollars in additional costs.', 'The company has advised its H-1B visa employees to avoid international travel and return to the U.S. to mitigate potential re-entry difficulties.']"
Alphabet Inc.,2025-09-22 00:00:00,"Alphabet Inc., through its subsidiary Google, is facing significant challenges due to the introduction of a high fee on H-1B visas, particularly as it employs thousands of H-1B visa holders. The new $100,000 fee is expected to lead to a reevaluation of hiring practices, with a potential shift towards offshore capability centers, especially impacting startups and smaller firms that cannot absorb such costs. Industry experts have raised concerns that this policy may stifle innovation and weaken the U.S. position as a global tech hub, pushing skilled talent to other countries like Canada, Europe, or back to Asia. In response to the announcement, Google and other tech giants have advised their H-1B visa employees to remain in the U.S. and avoid international travel until the new rules take effect, highlighting the urgency and disruption caused by this regulatory change.","['Alphabet Inc. employs thousands of H-1B visa holders, making it significantly affected by the new $100,000 fee for H-1B applications.', 'The introduction of the high fee is expected to pressure hiring practices, potentially leading to a shift towards offshore capability centers instead of hiring in the U.S.']"
Alphabet Inc.,2025-09-23 00:00:00,"New information indicates that Alphabet Inc. has historically relied on H-1B visas to recruit skilled foreign workers, particularly from India and China. The introduction of the $100,000 fee is expected to be manageable for large companies like Google, but it poses a significant challenge for startups and smaller firms that depend on specialized talent for growth. The policy is viewed as disruptive, potentially hampering American startups in the competitive landscape of artificial intelligence and technology innovation. There is a growing concern that the high fees will deter access to essential talent and alter recruitment strategies across the industry, particularly disadvantaging smaller companies that cannot absorb the additional costs.","['Alphabet Inc. has historically relied on H-1B visas to recruit skilled foreign workers from countries like India and China.', 'The new $100,000 fee is expected to be manageable for large companies like Google but crippling for startups that rely on foreign specialists.']"
Alphabet Inc.,2025-09-24 00:00:00,"New information indicates that the introduction of a high fee on H-1B visas is expected to double hiring costs for Alphabet Inc., prompting a significant reassessment of human resources strategies. This increase in costs may lead to a reduction in applicant numbers and a greater reliance on overseas development centers, which could slow innovation and delay product launches in critical sectors such as artificial intelligence and cloud computing. While large firms like Alphabet can manage these costs, the fee is seen as crippling for startups that depend on a few foreign specialists, potentially altering hiring strategies and reducing diversity in leadership teams. The overall competitiveness of these companies may be compromised, negatively impacting their stock prices.","['The new fee on H-1B visas is expected to double hiring costs for Alphabet Inc., leading to a reassessment of human resources strategies.', 'The policy is particularly disruptive for startups in Silicon Valley, as the high costs may be manageable for large firms like Alphabet but crippling for those that rely on a few foreign specialists.']"
Alphabet Inc.,2025-09-25 00:00:00,"Alphabet Inc. continues to face significant challenges due to the introduction of a $100,000 fee on H-1B visa applications. While the company has the financial capacity to absorb these costs, the new fee is expected to disproportionately affect smaller and mid-sized businesses that rely on H-1B visa holders. This could hinder their ability to hire skilled workers, ultimately impacting their competitiveness and sustainability in the market. Furthermore, the broader implications of this policy may lead to a shift in the global talent landscape, as other countries may capitalize on the opportunity to attract skilled professionals who might otherwise have sought employment in the U.S.","['The introduction of the $100,000 fee on H-1B visas is expected to significantly challenge smaller and mid-sized businesses, potentially affecting their competitiveness and sustainability in the market.', 'There is a concern that the new fee could lead to a shift in the global talent landscape, with other countries attracting skilled professionals who might have otherwise come to the U.S.']"
Amazon.com Inc.,2025-09-19 00:00:00,"Amazon.com Inc. is significantly impacted by the proposed high fee on H-1B visas, which has sparked a mixed response from the industry. While some view the fee as a necessary measure to protect American jobs, critics argue it could deter global talent and hinder innovation. As a major player that relies heavily on H-1B visas, Amazon faces increased operational costs due to the proposal. The fee is expected to lead to a reevaluation of hiring practices not only for Amazon but also for other tech giants and startups, making it more challenging for foreign workers to secure employment in the U.S.","['Amazon, along with other big tech companies, heavily depends on H-1B visas and will face increased operational costs due to the proposed high fee.', 'The introduction of the fee could deter global talent and stifle innovation, according to critics.', 'The fee may not deter major corporations like Amazon, but it could impose significant burdens on smaller startups.', 'The proposed fee could lead to a dramatic rethink of hiring practices for Amazon and other tech companies, making access to U.S. jobs harder for foreign workers.']"
Amazon.com Inc.,2025-09-20 00:00:00,"Amazon.com Inc. is facing significant challenges due to the recent introduction of a $100,000 fee for H-1B visas, as announced by President Trump. The company has advised its employees holding H-1B and H-4 visas to either remain in the U.S. or return promptly to avoid complications stemming from the new fee structure. This policy is particularly problematic for Indian IT professionals, who constitute a large segment of H-1B visa holders, and is expected to lead to a decrease in job opportunities, especially for junior roles. The increased costs associated with the new fee may compel Amazon to rethink its hiring strategies, placing greater emphasis on attracting high-wage, specialized talent and domestic graduates. This shift could disrupt the hiring process and slow down collaborations between the U.S. and India in the tech sector.","['Amazon has warned employees on H-1B and H-4 visas to remain in or return to the U.S. amid confusion over the new $100,000 fee.', 'The introduction of the high fee is expected to reduce opportunities for Indian IT professionals, particularly in junior roles.']"
Amazon.com Inc.,2025-09-21 00:00:00,"Amazon.com Inc. continues to face significant challenges due to the recently introduced $100,000 annual fee for H-1B visa applications. The company has tens of thousands of employees on H-1B visas, and the new fee could result in hundreds of millions of dollars in additional costs. In response to the fee's implications, Amazon has advised its H-1B and H-4 visa employees to return to the U.S. and avoid international travel, highlighting the urgency of the situation. There is growing concern among industry leaders that this fee will lead to a substantial reduction in visa sponsorships, which could severely impact Amazon's ability to hire foreign talent. Furthermore, the introduction of this fee is expected to disrupt long-term projects that depend on highly skilled workers, potentially slowing down innovation within the tech sector.","['Amazon has tens of thousands of staff in the U.S. on H-1B visas, and the new $100,000 fee could add up to hundreds of millions of dollars in costs.', ""The company has advised its H-1B and H-4 visa employees to return to the U.S. and avoid international travel due to the new fee's implications.""]"
Amazon.com Inc.,2025-09-22 00:00:00,"Amazon.com Inc. continues to grapple with the implications of the newly introduced $100,000 fee on H-1B visas, which is expected to significantly impact its staffing and operational costs. The company is one of the top sponsors of H-1B visas, employing over 14,000 visa holders by mid-2025. Analysts have raised concerns that the fee could lead to a more selective hiring process, limiting access to skilled foreign workers and potentially stifling innovation within the tech sector. In light of the new regulations, Amazon has advised its employees on H-1B visas to remain in the U.S. or return quickly if they are abroad, emphasizing the urgency of the situation. The overall sentiment within the company and the industry reflects significant concern regarding the long-term implications for talent acquisition and project timelines. Additionally, Amazon reportedly has the highest number of workers on H-1B visas among major tech firms, which positions it to face the steepest cost burden from the new fee.","['Amazon is one of the top sponsors of H-1B visas, employing over 14,000 visa holders by mid-2025, indicating a significant reliance on foreign talent.', 'Analysts predict that the new $100,000 fee could lead to a more selective hiring process, limiting access to skilled foreign workers and potentially stifling innovation within the tech sector.']"
Amazon.com Inc.,2025-09-23 00:00:00,"Amazon.com Inc. is facing significant challenges due to the recent introduction of a $100,000 fee on new H-1B visa applications, which is part of the Trump administration's strategy to prioritize American workers and limit foreign hiring. As the largest employer of H-1B visa holders, Amazon has been advised to instruct its employees to remain in the U.S. or return immediately to avoid complications. While experts suggest that Amazon may be able to absorb the new costs due to its financial strength, the fee is expected to be crippling for startups and smaller companies that depend on foreign talent. The fee is viewed as a disruptive change for the tech industry, which has historically relied on H-1B visas to recruit skilled workers from countries like India and China. The overall sentiment indicates that while Amazon may manage the increased costs, the broader implications could hinder innovation and collaboration within the tech sector. Additionally, the White House has clarified that the fee applies only to new applicants, not renewals, but the immediate loss of confidence in the visa system is evident, as it transforms a previously accessible opportunity into a costly barrier.","['The $100,000 fee on new H-1B visa applications is part of a strategy by the Trump administration to prioritize American workers and limit foreign hiring.', 'The White House has clarified that the fee applies only to new applicants, not renewals, indicating a shift in the perception of the H-1B visa as a costly barrier rather than an accessible opportunity.']"
Amazon.com Inc.,2025-09-24 00:00:00,"Amazon.com Inc. is facing new challenges due to the recently introduced $100,000 fee on H-1B visas for new applicants, which is expected to double hiring costs and necessitate a reassessment of its human resources strategies. The company heavily relies on H-1B visa holders to fill critical roles in technology and innovation, and the fee increase may lead to a reduction in applicant numbers. This could result in a greater reliance on overseas development centers, potentially slowing innovation and delaying product launches in key sectors such as artificial intelligence and cloud computing. While larger companies like Amazon may be better positioned to absorb these costs, the fee is seen as particularly disruptive for startups, which may struggle to manage the increased financial burden. Experts warn that this policy could choke America's innovation pipeline and lead to a brain drain, negatively impacting productivity in the tech industry.","['The introduction of a $100,000 fee for new H-1B visa applications is expected to double hiring costs for Amazon, prompting a reassessment of its human resources strategies.', 'The fee increase may lead to a reduction in applicant numbers and a greater reliance on overseas development centers, potentially slowing innovation and delaying product launches.']"
Amazon.com Inc.,2025-09-25 00:00:00,"Amazon.com Inc. is expected to manage the new $100,000 application fee for H-1B visas, as it is one of the major technology companies that sponsor thousands of H-1B visa holders annually. However, the company, along with other tech giants like Microsoft and Google, faces significant challenges due to the fee's disproportionate impact on smaller and mid-sized businesses across various sectors, including healthcare, engineering, and information technology. The introduction of this high fee is anticipated to disrupt hiring practices in the tech industry, potentially leading to a loss of talent to countries that are lowering barriers for skilled professionals. While Amazon may be able to absorb the costs, the broader implications of the fee could hinder the hiring of foreign workers and negatively affect the innovation landscape in the U.S.","['The new $100,000 application fee for H-1B visas is expected to disproportionately impact smaller and mid-sized businesses in sectors such as healthcare, engineering, and information technology.', 'The introduction of the fee could lead to a loss of talent to other countries that are lowering barriers for skilled professionals, shaking up hiring practices in the tech industry.']"
DBRS Ltd.,2025-09-24 00:00:00,"DBRS Ltd. has expressed significant concerns regarding the introduction of a high fee on H-1B visas, particularly its impact on hiring practices within the banking sector. The company highlights that the increased costs associated with H-1B visas may lead banks to seek more offshore workers, especially when the necessary skills are not readily available in the U.S. This shift could make it increasingly challenging to fill entry-level positions through the H-1B program, as noted by company representatives.","['The new fee on H-1B visas may compel banks to hire more offshore workers due to difficulties in finding necessary skills in the U.S.', 'DBRS Ltd. indicates that hiring for entry-level jobs using H-1B visas becomes nearly impossible under the new fee structure.']"
DBRS Ltd.,2025-09-25 00:00:00,"DBRS Ltd. has reiterated its concerns about the introduction of a high fee on H-1B visas, emphasizing its potential repercussions on the banking sector. Tim O'Brien, managing director at Morningstar DBRS, pointed out that the new fee could lead banks to increasingly hire offshore workers when necessary skills are not available in the U.S. Additionally, he warned of an unintended consequence where global experts might relocate to other jurisdictions, such as Canada, due to the high costs associated with H-1B visas. Furthermore, some banks may consider moving certain technology functions offshore as a direct response to these increased visa fees.","[""Tim O'Brien indicated that the new fee could lead to an unintended consequence where global experts may relocate to jurisdictions outside the U.S., such as Canada."", 'Some banks may consider moving certain technology functions offshore as a response to the high fee on H-1B visas.']"
Dewang,2025-09-21 00:00:00,"Dewang, represented by its Founder & CEO Dewang Neralla, has expressed significant concern regarding the proposed USD 100,000 annual fee for new H-1B visa petitions. Neralla emphasized that this fee reflects a troubling trend where global talent is becoming increasingly expensive and less mobile. The implications of this fee are particularly pronounced in sectors such as Information Technology and other US-facing industries, which may need to reconsider their workforce deployment strategies in response to the financial burden imposed by the new fee structure.","['Dewang Neralla highlighted that the proposed USD 100,000 fee for hiring H-1B workers indicates a new reality where global talent is becoming costlier and less mobile.', 'The introduction of the high fee on H-1B visas is expected to have an immediate adverse impact on sectors such as Information Technology and other US-facing industries.', 'Firms may experience shifts in how they deploy their workforce due to the financial implications of the new H-1B visa fee.']"
IBM Corp. Pty. Ltd.,2025-09-19 00:00:00,"IBM Corp. Pty. Ltd. is positioned within a landscape where the introduction of high fees on H-1B visas could significantly impact its operations. The company is part of a group of consultancies that employ a substantial number of foreign workers, primarily from India, to fulfill technical roles for American firms. The increased fees associated with H-1B visas are expected to raise the cost of hiring foreign workers, which could lead to further outsourcing of technical operations. While there are calls for reforms in the visa allocation process, the current fee structure poses a challenge for companies like IBM that rely on foreign talent for cost-effective solutions.","['The introduction of high fees on H-1B visas could increase hiring costs for companies like IBM that employ foreign workers.', 'IBM is part of a group of consultancies that outsource basic technical operations, employing many foreign workers contracted to American firms.', ""The AFL-CIO has indicated that while the measures are 'some steps in the right direction', they advocate for reforms in visa allocation based on wage offers rather than random selection.""]"
IBM Corp. Pty. Ltd.,2025-09-20 00:00:00,"IBM Corp. Pty. Ltd. faces a significant challenge with the introduction of a high fee on H-1B visas, which has increased the cost of sponsoring a single applicant to $100,000. This dramatic rise in fees is expected to reshape IBM's hiring strategies, particularly as the company has historically relied on H-1B visas to employ foreign talent for outsourced roles, especially from India. The new fee structure adds to the existing costs of H-1B visas, which already range from $1,700 to $4,500, making it a substantial business expense for IBM and other major firms that depend on this program to fill critical positions. The impact of this fee increase is echoed in statements highlighting that technology giants, including IBM, will be significantly affected as they have relied heavily on the H-1B program to hire foreign workers.","[""The cost for sponsoring a single H-1B applicant has increased to $100,000, which is expected to reshape IBM's hiring practices."", 'The new fee structure adds to existing H-1B visa costs, which already range from $1,700 to $4,500, creating a substantial business expense for IBM.']"
IBM Corp. Pty. Ltd.,2025-09-21 00:00:00,"IBM Corp. Pty. Ltd. is actively involved in the coalition Compete America, which has publicly urged the US administration to reconsider the introduction of the high $100,000 fee on H-1B visas. The coalition argues that while there are exemptions for existing visa holders, the new fee structure could have detrimental effects on American job growth and economic expansion. Scott Corley, the Executive Director of Compete America, highlighted that such policies do not protect American workers but instead limit opportunities and drive investment away from the country, ultimately benefiting foreign competitors. This position adds a new dimension to IBM's stance on the H-1B visa fee increase, emphasizing the broader economic implications rather than just the operational costs for the company.","['IBM is part of the coalition Compete America, which is advocating for the reconsideration of the $100,000 fee on H-1B visas due to its potential negative impact on American job growth.', 'Scott Corley, Executive Director of Compete America, stated that policies increasing costs do not protect American workers but limit opportunities and drive investment away from the US.']"
IBM Corp. Pty. Ltd.,2025-09-22 00:00:00,"IBM Corp. Pty. Ltd. is currently evaluating alternative visa options in light of the high fee introduced on H-1B visas. The company is considering the L-1 visa route, which is designated for managers and specialized employees, but requires at least one year of overseas service. Additionally, Gary Cohn, vice-chair at IBM, has publicly defended the high fee, arguing that it is intended to ensure that H-1B visas are allocated to highly skilled individuals who are not available in the U.S. labor market. This marks a shift in IBM's approach as it explores other avenues for securing talent amidst the increased costs associated with H-1B visas.","['IBM is actively evaluating alternative visa options, including the L-1 visa route for managers and specialized employees, which requires prior overseas service.', 'Gary Cohn defended the high fee on H-1B visas, stating it ensures that visas are reserved for highly skilled individuals not available in the U.S. labor market.']"
IBM Corp. Pty. Ltd.,2025-09-23 00:00:00,"IBM Corp. Pty. Ltd. is now recognized as one of the major tech firms that will be significantly affected by the introduction of a high fee on H-1B visas, alongside other industry leaders such as Amazon, Microsoft, and Google. This collective group employs tens of thousands of H-1B visa holders annually. The White House has defended the new policy, framing it as a measure to address 'systemic abuse' of the H-1B program and to prioritize American workers, indicating a notable shift in the regulatory landscape that could further complicate IBM's reliance on foreign talent.","['IBM is now identified as one of the major tech firms that will feel the impact of the new high fee on H-1B visas.', 'The company is part of a collective group of tech leaders, including Amazon, Microsoft, and Google, that employ tens of thousands of H-1B visa holders each year.']"
IBM Corp. Pty. Ltd.,2025-09-24 00:00:00,"IBM Corp. Pty. Ltd. has expressed strong opposition to the introduction of a high fee on H-1B visas, emphasizing the critical role that foreign talent, particularly from India, plays in the U.S. technology sector. The company warns that the increased visa fees could deter skilled professionals from joining American firms, which may hinder innovation and competitiveness. Furthermore, IBM highlights the significance of Indian-origin professionals in leadership roles within major U.S. companies, underscoring the need to attract and retain top talent to sustain economic growth. This perspective adds a new dimension to IBM's stance, focusing on the broader implications for the U.S. economy rather than solely on operational costs.","[""IBM acknowledges that the H-1B visa fee increase could slow U.S. economic growth due to the technology sector's heavy dependence on foreign talent, especially from India."", 'The company warns that higher visa costs may discourage top engineers, researchers, and programmers from joining American firms, potentially affecting innovation and competitiveness.']"
Infosys Ltd.,2025-09-19 00:00:00,"Infosys Ltd. is positioned within a landscape where the introduction of high fees on H-1B visas could significantly impact its operations. The company, along with other consultancies, relies heavily on foreign workers, particularly from India, to fulfill technical roles for American firms. The increased fees associated with H-1B visa applications are expected to raise the cost of hiring foreign talent, which could deter companies from employing these workers. While there are calls for reforms in the visa allocation process, the current fee structure poses a challenge for firms like Infosys that depend on a skilled foreign workforce.","[""The introduction of high fees on H-1B visas could significantly affect Infosys's ability to hire foreign workers, as it will increase operational costs."", 'Infosys, along with other consultancies, employs a large number of foreign workers, primarily from India, to support American firms seeking cost savings.', 'Current fees for H-1B visa applications include $215 for lottery registration and $780 for the employer-sponsored petition, which may rise under new regulations.']"
Infosys Ltd.,2025-09-20 00:00:00,"Infosys Ltd. is facing significant challenges due to the introduction of a $100,000 fee on H-1B visas, as highlighted by former CFO Mohandas Pai. This steep fee is expected to discourage companies from submitting new applications for H-1B visas, potentially leading to an increase in offshoring as firms seek to minimize costs associated with hiring foreign talent. The fee applies to all H-1B positions, which means it will primarily be financially viable for high-value roles, creating difficulties for Infosys that typically relies on H-1B visas for junior and mid-level engineers. The overall sentiment suggests a shift in hiring strategies, with companies reassessing their approach to U.S. operations in light of the prohibitive costs associated with the new visa policy.","['The $100,000 fee for H-1B visas is expected to discourage companies from filing new applications, potentially leading to increased offshoring, as stated by former Infosys CFO Mohandas Pai.', 'The fee applies to all H-1B positions, making it financially viable primarily for high-value roles, which poses challenges for Infosys that relies on H-1B visas for junior and mid-level engineers.']"
Infosys Ltd.,2025-09-21 00:00:00,"Infosys Ltd. is facing significant challenges due to the recent introduction of a $100,000 annual fee on H-1B visas, which is expected to sharply increase operational costs and reduce demand for Indian tech talent, who make up over 70% of H-1B visa holders. Analysts predict that this fee hike will lead to further adjustments in staffing strategies, including increased offshoring to India and local hiring in the U.S. The immediate impact has been a decline in Infosys's U.S.-listed shares by 4%, reflecting investor concerns about profitability and potential project disruptions. The company is already reducing its dependence on H-1B visas by shifting more work to India and hiring locally in the U.S., indicating a strategic pivot in response to the new fee structure. Industry analysts warn that the new fee could lead to a near-term freeze on new H-1B applications, further complicating the hiring landscape for Infosys and other major Indian IT firms.","['The introduction of a $100,000 annual fee for H-1B visas is expected to sharply increase costs for Infosys and reduce demand for Indian tech talent, who constitute over 70% of H-1B visa holders.', 'Infosys has begun to reduce its dependence on H-1B visas by shifting more work to India and hiring locally in the U.S., indicating a strategic response to the new fee structure.']"
Infosys Ltd.,2025-09-22 00:00:00,"Infosys Ltd. is currently grappling with significant operational and financial challenges stemming from the recent introduction of a $100,000 annual fee for H-1B visas. This fee is anticipated to drastically increase costs associated with sending engineers to the U.S. for client projects, complicating workforce planning, recruitment, and deployment strategies. In response, Infosys, along with other major Indian IT firms, is exploring alternative solutions such as remote work and client-side training in India to mitigate the impact of these increased costs. Analysts predict that the fee hike could reduce operating profits for Infosys by 7-15%, necessitating a reevaluation of pricing and hiring strategies. The overall economic advantage of sending Indian employees to the U.S. is expected to diminish, leading to a potential shift in business models and increased local hiring in the U.S. to maintain competitiveness. This represents a significant shift in strategy for Infosys as it adapts to the new fee structure, which could damage the offshore IT services model.","['The introduction of the $100,000 annual fee for H-1B visas is expected to drastically increase costs for sending engineers to the U.S., complicating workforce planning and recruitment for Infosys.', 'Analysts estimate that the new visa fee could cut operating profits for Infosys by 7-15%, prompting a reevaluation of pricing and hiring strategies.']"
Infosys Ltd.,2025-09-23 00:00:00,"Today, Infosys Ltd. faces an estimated increase in annual immigration costs ranging from $150 to $550 million due to the introduction of high fees on H-1B visas. This significant rise in costs is projected to erode core operating margins by 7-15%, prompting the company to reevaluate the necessity of onsite roles and restructure contracts. To mitigate the financial impact, Infosys is expected to accelerate its offshoring and local hiring strategies. Analysts suggest that while the new policy may reduce net profit margins by 1-3%, Infosys is relatively well-positioned to adapt due to its aggressive localization strategies. However, the overall environment remains challenging, with increased operational costs and a hostile U.S. immigration stance contributing to uncertainty in the sector.","['Infosys is projected to face an increase in annual immigration costs between $150-550 million due to the new H-1B visa fee.', 'The introduction of the high fee is expected to compel Infosys to accelerate offshoring and local hiring strategies to mitigate the financial burden.']"
Infosys Ltd.,2025-09-24 00:00:00,"Today, Infosys Ltd. faces additional challenges due to the proposed introduction of a high fee on H-1B visas, which is expected to significantly increase operational costs and complicate hiring practices. Analysts have highlighted that the cost of hiring new employees under the H-1B program could equate to a full year's salary, further straining the financial landscape for Infosys and its peers. The new fee structure is anticipated to deepen existing margin pressures in an industry already dealing with tighter client budgets and technological disruptions. This situation may lead to reduced hiring or a shift of jobs back to India for Infosys and other Indian IT companies, as they navigate the financial implications of the new visa policy.","[""The cost of hiring new employees under the H-1B program could equate to a full year's salary, complicating the financial landscape for Infosys."", 'The proposed changes to the H-1B visa program may lead to reduced hiring or a shift of jobs back to India for Infosys and other Indian IT companies.']"
Infosys Ltd.,2025-09-25 00:00:00,"Today, Infosys Ltd. faces new challenges due to the introduction of high fees on H-1B visas, which are expected to lead to significant cost increases not only for large firms but also for small and medium-sized enterprises. The projected rise in visa costs could increase overall employee expenses to 1.0 percent of total costs, a substantial increase from the current 0.02 percent-0.05 percent. Despite a decreasing reliance on H-1B visas, with the number of Indian employees on these visas halving from 34,507 to 17,997 between 2017 and 2025, the accessibility of H-1B visas remains critical for Infosys, which generates 96 percent of its revenue from international markets, particularly the U.S. where it accounts for 53 percent of its revenue. The burden of increased visa fees is expected to heavily impact students, startups, education providers, and healthcare companies, alongside IT giants like Infosys, TCS, and Wipro.","['The projected increase in H-1B visa costs could raise overall employee expenses to 1.0 percent of total costs, significantly impacting financial planning for Infosys and its peers.', ""Despite a decrease in reliance on H-1B visas, the critical nature of these visas for Infosys's operations is underscored by the fact that 96 percent of its revenue comes from international markets, with 53 percent from the U.S.""]"
Metaview,2025-09-22 00:00:00,"Metaview, a San Francisco-based tech company, is actively responding to the challenges posed by the recent introduction of a high fee on H-1B visas. Shahriar Tajbakhsh, the co-founder and CTO, has indicated that the firm is prepared to accelerate its hiring of top professionals despite the increased costs associated with the H-1B visa changes. He expressed confidence in the value that each team member brings, viewing the $100,000 fee as a minor concern in comparison. This proactive stance highlights Metaview's commitment to attracting and retaining skilled talent in a competitive landscape where other countries may seek to benefit from the fee hike.","['Metaview is ready to move quickly to hire top professionals despite the increased costs associated with the H-1B visa changes.', ""Shahriar Tajbakhsh views the $100,000 fee for H-1B visa applications as 'a rounding error compared to the value each member of our team creates.'"", 'The company is maintaining momentum in attracting talent even as other countries look to capitalize on the H-1B fee hike.']"
Microsoft Corp.,2025-09-19 00:00:00,"Microsoft Corp. is positioned at the center of the debate surrounding the introduction of a high fee on H-1B visas. The company, along with other major tech players, is likely to face increased operational costs due to the proposed fee, which critics argue could deter global talent and stifle innovation. This situation may compel Microsoft to rethink its hiring practices, particularly in relation to foreign workers, as the fee could make access to U.S. jobs more challenging and exclusive. While larger corporations like Microsoft may absorb these costs, smaller startups could experience significant burdens, highlighting the disparity in impact across the tech industry.","['Microsoft, along with other big tech companies, faces increased operational costs due to the proposed high fee on H-1B visas.', 'The introduction of the fee could deter global talent and stifle innovation, according to critics.', 'The fee may lead to a dramatic rethink of hiring practices for Microsoft and other companies reliant on H-1B visas.', 'The fee makes access to U.S. jobs harder and more exclusive for foreign workers hoping to land positions in companies like Microsoft.', 'While major corporations like Microsoft may not be deterred by the fee, smaller startups could face significant burdens.']"
Microsoft Corp.,2025-09-20 00:00:00,"Microsoft Corp. is facing significant challenges due to the recent introduction of a $100,000 annual fee for H-1B visas, which has been described as a 'shock' to Indian IT professionals. The company, alongside Amazon, has advised its employees holding H-1B and H-4 visas to remain in or return to the United States amid confusion regarding the new policy. This fee increase is expected to disproportionately affect Indian talent, who make up a large portion of H-1B visa holders. As a result, Microsoft may need to reconsider its hiring strategies, potentially prioritizing highly specialized roles while reducing opportunities for junior and mid-level positions. There are growing concerns that this policy could stifle innovation and competitiveness in the U.S. tech sector, possibly leading to offshoring and deterring international talent from pursuing opportunities in the U.S.","['Microsoft has warned employees on H-1B and H-4 visas to remain in or return to the U.S. amid confusion over the new $100,000 visa fee.', 'The introduction of the high fee is expected to disproportionately impact Indian IT professionals, who make up a significant portion of H-1B visa holders.']"
Microsoft Corp.,2025-09-21 00:00:00,"Microsoft Corp. has raised significant concerns regarding the newly introduced $100,000 annual fee for H-1B visa applications, which is set to take effect imminently. The company, alongside other major tech firms, has urgently advised its H-1B employees to remain in the U.S. or return quickly if they are currently overseas, emphasizing the critical nature of the situation. Microsoft is particularly worried about the financial implications of this fee, which could lead to a reduction in H-1B sponsorships and disrupt ongoing projects that depend on skilled foreign workers. The company anticipates that the fee will force them to be more selective in their hiring of H-1B candidates, potentially hindering innovation and the influx of talent into the U.S. tech sector. Additionally, a Microsoft executive indicated that the company might consider shifting more workers to Canada due to its more favorable immigration laws, suggesting that the U.S. could lose out on tax revenue and job creation as a result of this policy.","['Microsoft has advised its H-1B employees to remain in the U.S. or return quickly before the new fee takes effect, highlighting the urgency of the situation.', 'A Microsoft executive indicated that the company may shift more workers to Canada due to friendlier immigration laws, suggesting potential job and tax revenue losses for the U.S.']"
Microsoft Corp.,2025-09-22 00:00:00,"Microsoft Corp. continues to express significant concern regarding the newly introduced $100,000 fee on H-1B visas, which is perceived as regressive and detrimental to the American economy. The company, alongside Amazon, has reiterated its advice to employees on H-1B and H-4 visas to remain in or return to the U.S. amid ongoing confusion about the policy. This fee is expected to particularly impact Indian IT professionals, who make up a substantial portion of H-1B visa holders. The introduction of this fee may force Microsoft and other tech firms to reevaluate their hiring practices, potentially limiting access to global talent and slowing innovation. Furthermore, the policy risks disrupting India-U.S. tech collaborations and could push skilled workers towards other countries, thereby affecting the overall competitiveness of the U.S. tech industry. The new fee structure is anticipated to inflate operational costs and deter top-tier talent, which could slow critical innovation pipelines in areas such as AI, cloud computing, and cybersecurity.","[""The $100,000 fee is viewed as regressive and could harm the American economy, particularly impacting Indian talent and the tech sector's reliance on skilled workers."", 'The policy may force Microsoft and other IT firms to reconsider hiring practices, potentially limiting access to global talent and slowing innovation.']"
Microsoft Corp.,2025-09-23 00:00:00,"Microsoft Corp. continues to express significant concern regarding the newly introduced $100,000 one-time fee for H-1B visa applications, which is expected to create substantial new costs for the company and other major tech employers. The fee disproportionately affects Indian technology workers, who constitute a large percentage of H-1B visa holders. Experts suggest that this fee may lead to companies considering hiring laid-off H-1B visa holders from firms like Microsoft, indicating a potential shift in hiring strategies. The overall sentiment remains that the new fee could slow down collaborations between India and the U.S. in the tech sector, further emphasizing the regressive nature of the policy and its potential harm to the American economy, which relies heavily on skilled workers, particularly from India.","['The $100,000 one-time fee for H-1B visa applications is expected to create substantial new costs for Microsoft and other major tech employers.', 'Experts suggest that the new fee could prompt companies to consider hiring laid-off H-1B visa holders from Microsoft and other tech firms.']"
Microsoft Corp.,2025-09-24 00:00:00,"Microsoft Corp. is facing a significant impact from the newly introduced $100,000 fee on H-1B visas, which is expected to double hiring costs and necessitate a reassessment of its human resources strategies. The company heavily relies on foreign engineers and developers to fill critical gaps in the domestic labor market, and this fee increase could lead to a reduction in applicant numbers and a greater reliance on overseas development centers. Analysts suggest that while Microsoft can absorb the costs, which represent only a small fraction of its substantial R&D budget, the policy may adversely affect smaller firms and the broader tech ecosystem, ultimately impacting competitiveness and innovation. The fee is anticipated to slow the pace of innovation and delay product launches in key sectors such as artificial intelligence and cloud computing.","['The introduction of a $100,000 fee on H-1B visas will double hiring costs for Microsoft and prompt a reassessment of its human resources strategies.', 'The fee increase could slow the pace of innovation and delay product launches in key sectors like artificial intelligence and cloud computing.']"
Microsoft Corp.,2025-09-25 00:00:00,"Microsoft Corp. is significantly affected by the recent introduction of a $100,000 application fee for H-1B visas, as it employs a substantial number of H-1B visa holders, totaling 5,189. While the company may have the financial capacity to absorb these costs, the new fee poses considerable challenges for smaller and mid-sized businesses in the technology sector, which may struggle to manage the increased hiring costs. The policy is expected to disrupt the hiring landscape, particularly for companies that rely heavily on foreign talent, and could diminish America's attractiveness as a destination for skilled professionals. This shift may lead to a loss of innovation and talent to countries like the UK, China, and the UAE, which are lowering barriers for skilled workers. Although Microsoft has not publicly commented on the fee increase, the implications for the company and the tech industry as a whole are profound, as they may face hurdles in maintaining their workforce and competitive edge in the global market.","['Microsoft employs 5,189 H-1B visa holders, making it one of the major users of the H-1B program, highlighting its reliance on foreign talent.', 'The introduction of the high fee could lead to a loss of talent to countries like the UK, China, and the UAE, which are lowering barriers for skilled workers.']"
Talent Fund,2025-09-22 00:00:00,"Talent Fund's position regarding the introduction of a high fee on H-1B visas reflects concern over the potential impact on attracting global talent. The announcement of a significant fee increase to $100,000 by President Donald Trump has raised alarms within the tech industry, particularly as the H-1B program is crucial for skilled foreign workers, especially from India, to fill roles in technology, research, and healthcare sectors. The comments from Jamie Arrowsmith highlight the need for funding and support to ensure a smooth transition for global talent amidst these changes.","['The introduction of a $100,000 fee for H-1B visas by President Trump has shocked the tech industry.', 'The H-1B program is essential for skilled foreign workers, particularly Indians, in the technology, research, and healthcare sectors.', 'Jamie Arrowsmith emphasized the need for funding and autonomy to attract global talent effectively.']"
Talent Fund,2025-09-25 00:00:00,"Talent Fund is taking a proactive approach in response to the high fee on H-1B visas introduced by Donald Trump. They are advocating for the UK government to enhance its Global Talent Fund to better support engineering and founding professionals impacted by U.S. visa policies. Additionally, Talent Fund is urging the government to streamline processes for H-1B holders looking to relocate to the UK. They are also pushing for the broadening of the Enterprise Management Incentive (EMI) scheme to ensure that incoming talent receives competitive compensation packages, indicating a strategic shift towards attracting global talent amidst the challenges posed by the U.S. visa policy changes.","['Talent Fund is advocating for the expansion of the Global Talent Fund to support engineering and founding professionals affected by U.S. visa policies.', 'The organization has requested the UK government to streamline processing for H-1B holders seeking relocation.']"
Tata Consultancy Services Ltd.,2025-09-20 00:00:00,"Tata Consultancy Services Ltd. (TCS) is significantly impacted by the recent introduction of a $100,000 fee for H-1B visa sponsorship, as announced by President Trump. This steep increase is expected to reshape the hiring landscape for foreign professionals, particularly affecting Indian workers who constitute a large portion of H-1B visa holders. The new fee pressures TCS and similar companies to reconsider their hiring strategies, potentially shifting focus towards highly specialized, high-wage talent and domestic graduates. The company, along with other major firms, may face challenges in maintaining their workforce in the U.S. due to the increased costs associated with sponsoring H-1B applicants. As of now, TCS has not publicly commented on the changes, leaving uncertainty regarding their specific response to the new regulations.","[""The introduction of a $100,000 fee for H-1B visa sponsorship is expected to significantly impact TCS's hiring strategies."", 'TCS, along with other major firms, may need to shift focus to hiring highly specialized, high-wage talent and domestic graduates due to the increased costs of H-1B sponsorship.', 'The new fee could reduce opportunities for Indian professionals, who make up the majority of H-1B holders, particularly in junior roles.', 'TCS has not yet provided a public response to the new H-1B visa fee increase.']"
Tata Consultancy Services Ltd.,2025-09-21 00:00:00,"Tata Consultancy Services Ltd. (TCS) is responding to the introduction of a high fee on H-1B visas by advising its employees on H-1B visas to either remain in the U.S. or return quickly before the new regulations take effect. This reflects a sense of urgency and concern within the company regarding the implications of the fee increase, which is expected to significantly reduce access to the H-1B program for many skilled foreign nationals. As one of the top recipients of H-1B visas, TCS anticipates facing increased operational costs that could hinder its ability to hire new talent and maintain staffing levels. The fee hike is viewed as a threat to global talent mobility, which has historically supported U.S. tech firms, and may lead to companies becoming more selective in their sponsorship of H-1B candidates, focusing on only the most critical roles.","['TCS has advised its employees on H-1B visas to stay in the U.S. or return quickly before the new regulations take effect, indicating urgency in response to the fee increase.', 'The company expects the high fee on H-1B visas to significantly reduce access to the program for many skilled foreign nationals, reshaping employer demand.']"
Tata Consultancy Services Ltd.,2025-09-22 00:00:00,"Tata Consultancy Services (TCS) is currently grappling with significant operational and financial challenges due to the newly introduced $100,000 annual fee on H-1B visas. This fee complicates TCS's workforce planning, recruitment, and deployment strategies, particularly as the company relies heavily on H-1B visas to send engineers to the U.S. for client projects. Analysts note that while TCS may be better positioned to absorb these costs due to its profitability and strong balance sheet, the fee increase is still expected to impact project timelines and margins. TCS is likely to explore alternative solutions, such as remote work and contract renegotiations, to alleviate the financial burden. The new fee structure is anticipated to make TCS more selective in its sponsorship of H-1B candidates, potentially reserving filings for only the most critical roles, which could further reduce access to skilled foreign workers.","['TCS is expected to explore alternative solutions such as remote work and contract renegotiations to mitigate the financial burden of the new $100,000 annual fee on H-1B visas.', 'The fee increase is anticipated to make TCS more selective in its sponsorship of H-1B candidates, potentially reserving filings for only the most business-critical roles.']"
Tata Consultancy Services Ltd.,2025-09-23 00:00:00,"Tata Consultancy Services Ltd. (TCS) is facing significant challenges due to the introduction of a high fee on H-1B visas, which is expected to increase operating costs and compel the company to accelerate offshoring and local hiring strategies. TCS employs 5,505 workers under the H-1B visa category, making it one of the top companies affected by the new policy. Analysts predict that the new fee structure may lead to a reduction in profit margins and earnings per share, as TCS may need to replace a portion of its H-1B workforce with local hires to mitigate the financial burden. Despite these challenges, TCS is noted to be among the firms least exposed to the impacts of the new policy due to its existing localization strategies.","['TCS employs 5,505 workers using H-1B visas, making it one of the top companies affected by the new high fee policy.', ""Analysts estimate that replacing one-third of H-1B employees with local hires could reduce TCS's EBIT margins by 20-50 basis points and earnings per share by 2-4%.""]"
Tata Consultancy Services Ltd.,2025-09-24 00:00:00,"Tata Consultancy Services Ltd. (TCS) faces heightened challenges due to the introduction of a high fee on H-1B visas, which could equate to the cost of a year's salary for each new recruit. This new fee structure is expected to significantly increase operational costs, impacting profit margins as TCS derives over half of its yearly revenue from the U.S. market. The cumulative effect of the $100,000 fee, combined with existing tariffs and tighter client budgets, exacerbates the financial pressures on TCS and other Indian IT firms. Analysts have noted that the new fee regime will increase the cost of doing business for IT services companies and their clients in the U.S., further deepening margin pressures in an industry already facing disruptions from artificial intelligence and trade policy uncertainty.","[""The new H-1B visa fee could equate to the cost of a year's salary for each new recruit, significantly increasing operational costs for TCS."", 'TCS derives over half of its yearly revenue from the U.S. market, making it particularly vulnerable to the financial pressures imposed by the new fee structure and existing tariffs.']"
Thomson Reuters Corp.,2025-09-20 00:00:00,"Thomson Reuters Corp. highlights the significant impact that the proposed high fee on H-1B visas could have on startups and mid-sized tech companies, which often rely on these visas for junior and mid-level roles. The analysis suggests that the introduction of a $100,000 annual fee could lead many of these companies to reconsider their hiring strategies, potentially delaying or shifting roles overseas. The proposed fee is seen as a deterrent to attracting global talent, which could ultimately affect the U.S. economy's competitiveness, particularly in high-stakes sectors like artificial intelligence. The company underscores that the new policy could reshape how firms recruit skilled labor and may drive them to offshore high-value work, further complicating the landscape for U.S. tech firms that depend on foreign talent.","['The proposed $100,000 annual fee for H-1B visas could significantly impact startups and mid-sized tech companies, which typically use these visas for junior and mid-level roles.', 'Many companies may pull back, delay hiring, or shift roles overseas due to the increased costs associated with the new visa fee.', ""The introduction of high fees could deter global talent from coming to the U.S., reducing the country's ability to innovate and grow economically."", ""The policy may force companies to offshore high-value work, potentially harming America's competitiveness in critical areas like artificial intelligence.""]"
Thomson Reuters Corp.,2025-09-21 00:00:00,"Thomson Reuters Corp. has not issued any direct comments regarding the introduction of a high fee on H-1B visas. However, the broader industry response indicates that major companies such as Microsoft, JPMorgan, and Amazon have advised their employees holding H-1B visas to remain in the United States following the announcement of the new fee. This reflects a cautious approach among firms, suggesting that the new fee may lead to increased selectivity in sponsoring H-1B candidates, which could further impact access to skilled foreign labor. Additionally, Commerce Secretary Howard Lutnick mentioned that while the fee would be paid annually, specific details are still under consideration.","['Major companies, including Microsoft, JPMorgan, and Amazon, have advised employees holding H-1B visas to remain in the United States following the announcement of the new fee, indicating a cautious industry response.', 'Commerce Secretary Howard Lutnick stated that the fee would be paid annually, but details are still being considered, highlighting ongoing discussions about the implementation of the fee.']"
Thomson Reuters Corp.,2025-09-22 00:00:00,"Thomson Reuters Corp. is adapting to the newly introduced high fee on H-1B visas by becoming more selective in its sponsorship of H-1B candidates, prioritizing only the most critical roles. This strategic shift is expected to significantly limit access to the H-1B program for many skilled foreign nationals, thereby reshaping employer demand. Additionally, the company is proactively reducing its reliance on the H-1B program through increased local hiring, acquisitions, and partnerships, indicating a shift in strategy to address the challenges posed by the new fee structure. The company plans to leverage AI tools to tackle any challenges that arise from this new approach.","['Thomson Reuters Corp. is expected to become more selective in H-1B sponsorship, focusing on business-critical roles due to the new high fee.', 'The company has reduced its reliance on the H-1B program through local hiring, acquisitions, and partnerships.']"
Thomson Reuters Corp.,2025-09-23 00:00:00,"Thomson Reuters Corp. is actively monitoring the implications of the newly introduced $100,000 fee on H-1B visas, which is expected to significantly impact recruitment strategies within the technology sector. The fee, applicable only to new applicants, has already created confusion, prompting many companies to pause their recruitment and workforce planning. Industry experts indicate that the high cost of the H-1B visa may incentivize companies to outsource jobs to countries like India, where labor costs are lower. This shift could lead to a reduction in the number of H-1B visa workers that companies can hire, thereby affecting the overall workforce landscape in the U.S. tech industry. Additionally, the previous cost of the visa was only a few thousand dollars, making the new fee a substantial deterrent for hiring talent in the U.S. and potentially driving companies to establish innovation hubs abroad instead of maintaining back offices domestically.","['The $100,000 fee on H-1B visas is causing confusion and leading companies to pause recruitment and workforce planning.', 'Experts indicate that companies may need to reduce the number of H-1B visa workers they can hire due to the new fee.']"
Thomson Reuters Corp.,2025-09-24 00:00:00,"Thomson Reuters Corp. has expressed heightened concerns regarding the Trump administration's introduction of a $100,000 fee on H-1B visas, which marks a significant increase from the previous cost of $2,000. This drastic change is anticipated to make hiring foreign talent, especially from countries like India, more appealing due to lower wages. The company notes that this new fee is likely to disrupt hiring plans and compel firms to rethink their workforce strategies, potentially leading to a decrease in the number of H-1B visa workers they can employ. The confusion surrounding the implementation of this fee has already caused many companies to pause their recruitment efforts and adjust their budgets. Furthermore, corporate clients have described the new fee as unworkable, prompting discussions about relocating talent acquisition to other countries. Notably, Sam Liang, CEO of AI transcription start-up Otter, indicated that companies may need to reduce their H-1B workforce and consider outsourcing to countries like India to navigate the challenges posed by the new fee.","[""The Trump administration's $100,000 fee on H-1B visas is a significant increase from the previous cost of $2,000, making hiring foreign talent more attractive for companies due to lower wages."", 'Corporate clients have described the new fee as unworkable, leading to discussions about relocating talent acquisition to other countries.']"
Thomson Reuters Corp.,2025-09-25 00:00:00,"Thomson Reuters Corp. continues to express concerns regarding the newly introduced US$100,000 fee on H-1B visas, which represents a significant increase from the previous cost of only a few thousand dollars. This steep rise is expected to further incentivize companies to seek talent in countries like India, where labor costs are lower. The confusion surrounding the implementation of this fee is already causing many companies to pause their recruitment and workforce planning, leading to a reevaluation of hiring strategies. Experts and executives have noted that the new fee could flip the equation, making it more appealing for firms to establish innovation hubs abroad rather than maintaining domestic operations. Additionally, the fee applies only to new applicants, which has added to the uncertainty in the hiring landscape.","['The new US$100,000 fee for H-1B visas is expected to make hiring talent in countries like India more attractive due to lower labor costs.', 'The confusion regarding the roll-out of the US$100,000 levy is causing companies to pause their recruitment and workforce planning.']"
Wipro Ltd.,2025-09-19 00:00:00,"Wipro Ltd. is positioned within a landscape where the introduction of high fees on H-1B visas could significantly impact its operations. As a consultancy that employs a substantial number of foreign workers, primarily from India, Wipro is likely to face increased costs associated with hiring these employees due to the proposed fee hikes. The company is part of a broader industry that relies on outsourcing technical operations to manage costs for American firms. The AFL-CIO has noted that while the changes are seen as steps in the right direction, they advocate for reforms that prioritize visa allocation based on wage offers rather than random selection, indicating a need for further adjustments in the visa system that could affect companies like Wipro.","['Wipro employs a significant number of foreign workers, mostly from India, contracted to American firms seeking cost savings.', ""The introduction of increased fees for H-1B visas could affect Wipro's ability to hire foreign workers due to higher costs."", 'Current costs for companies include $215 to register for the lottery and $780 for the employer-sponsored petition for a non-immigrant worker.']"
Wipro Ltd.,2025-09-20 00:00:00,"Wipro Ltd. is facing significant challenges due to the introduction of a new $100,000 fee on H-1B visas, which is expected to reshape its hiring strategies and operational models. This fee will primarily limit the company's ability to send junior and mid-level engineers to the US, making H-1B hiring financially viable only for high-value roles that require advanced expertise. Analysts predict that this change will compel Wipro and other Indian IT firms to reassess their staffing strategies, potentially leading to a shift towards offshoring work or reducing on-site deployments. The new fee structure poses a dual challenge for Wipro, as it not only increases operational costs but also restricts the talent pool available for US projects. The introduction of this high fee is viewed as a cost shock for Wipro, which has historically relied on H-1B visas to place engineers in the US market.","[""The new $100,000 fee on H-1B visas will limit Wipro's ability to send junior and mid-level engineers to the US, making H-1B hiring financially viable only for high-value roles."", 'Analysts suggest that Wipro may need to reassess its US staffing strategies, potentially shifting work offshore or reducing on-site deployments to minimize costs.']"
Wipro Ltd.,2025-09-21 00:00:00,"Wipro Ltd. is experiencing significant challenges following the introduction of a high fee on H-1B visas by President Donald Trump, which has led to a 2% decline in the company's shares, reflecting investor concerns about the operational impact of increased visa costs. Analysts predict that this new fee structure will result in a near-term freeze on new H-1B applications and a shift towards offshoring work to India, as Wipro may prioritize protecting existing client contracts while increasing local hiring in the U.S. Furthermore, the high costs associated with H-1B visas could disrupt onshore projects and necessitate a reevaluation of hiring and pricing strategies, potentially leading to a loss of the U.S.'s competitive edge in innovation as global talent may seek opportunities elsewhere. This situation indicates a significant shift in the economics of deploying Indian tech talent in the U.S., with Wipro and other Indian IT firms expected to further reduce their reliance on H-1B visas.","[""Wipro's shares fell by 2% following the announcement of the high H-1B visa fee, indicating investor concern over the impact on the company's operations."", 'Analysts warn that the new fee structure could disrupt onshore projects and impact the revenue visibility of large IT exporters like Wipro.']"
Wipro Ltd.,2025-09-22 00:00:00,"Wipro Ltd. is currently grappling with significant operational and financial challenges stemming from the newly introduced $100,000 annual fee for H-1B visas. This fee is expected to drastically increase the costs associated with sending engineers to the U.S. for client projects, complicating workforce planning, recruitment, and deployment strategies. In response, Wipro is exploring alternative solutions such as remote work and client-side training in India to alleviate the financial burden. Analysts have noted that while larger firms like Wipro may be able to absorb these costs more easily, mid-tier firms that rely heavily on fresh H-1B approvals will face greater difficulties. The fee hike fundamentally alters the economics of deploying Indian tech workers in the U.S., diminishing the cost advantage of sending employees overseas compared to hiring locally. This situation poses a significant threat to Wipro's profitability, with estimates suggesting a potential reduction in operating profits by 7-15% due to the new visa fees.","['Wipro is exploring alternative solutions such as remote work and client-side training in India to mitigate the financial burden of the new $100,000 annual fee for H-1B visas.', ""Analysts estimate that Wipro's operating profits could be reduced by 7-15% due to the introduction of the high visa fees.""]"
Wipro Ltd.,2025-09-23 00:00:00,"Wipro Ltd. is facing a potential 1-3% reduction in net profit due to the newly introduced high fee on H-1B visas, which is expected to significantly increase the costs associated with employing foreign talent. The company, which relies heavily on rotating engineers to serve US clients, may need to rethink its onshore-offshore strategies and reduce short-term employee transfers. This shift could lead to a greater emphasis on local hiring of US citizens or green card holders. Additionally, the overall implications of the new visa policy could escalate annual immigration costs for Wipro and other top Indian IT providers by $150-550 million, further impacting core operating margins. Brokerages suggest that while larger firms like Wipro may be better positioned to absorb these changes, the financial burden remains substantial and could reshape operational strategies in the long term.","['Wipro is expected to face a 1-3% reduction in net profit due to the new high fee on H-1B visas.', 'The introduction of the high fee could lead to an increase in annual immigration costs by $150-550 million for Wipro and other top Indian IT providers.']"
Wipro Ltd.,2025-09-24 00:00:00,"Wipro Ltd. is facing heightened challenges due to the introduction of a high fee on H-1B visas, which is anticipated to significantly increase operational costs. The company, which derives over half of its yearly revenue from the U.S. market, is particularly vulnerable to changes in the H-1B visa program. Analysts from Citi Research have indicated that the new fee regime will make each fresh recruit on an H-1B visa as costly as a year's salary, thereby increasing the cost of doing business for IT services companies and their clients in the U.S., which could adversely affect profit margins. This situation may lead to reduced hiring or a shift of jobs back to India, further complicating Wipro's operational strategies in the face of rising costs associated with employing skilled foreign workers.","['Wipro derives over half of its yearly revenue from the U.S. market, making it particularly vulnerable to changes in the H-1B visa program.', ""Citi Research warns that the new fee regime will make each fresh recruit on an H-1B visa as costly as a year's salary, significantly increasing the cost of doing business for IT services companies.""]"
Wipro Ltd.,2025-09-25 00:00:00,"Wipro Ltd. is adapting to a challenging environment with the introduction of high fees on H-1B visas, leading to a notable decrease in its reliance on these visas. The company has shifted towards offshore delivery and local hiring in the U.S., resulting in a reduction of Indian employees on H-1B visas from 34,507 in 2017 to 17,997 by 2025. While current visa expenses represent only 0.02% to 0.05% of total employee costs, the new fee structure is projected to escalate this to 1.0%, potentially leading to significant cost increases for Wipro and its peers. This shift could adversely affect profitability, particularly for smaller firms that depend heavily on H-1B visas.","[""Wipro's number of Indian employees on H-1B visas has halved from 34,507 in 2017 to 17,997 by 2025, indicating a strategic shift towards offshore delivery and local hiring."", 'The new fee structure is expected to raise visa costs to 1.0% of total employee costs, which could lead to sharp cost increases for Wipro and significantly impact profitability.']"
Donald Trump,2025-09-19,"Donald Trump expressed optimism about the tech industry's reaction to the introduction of a high fee on H-1B visas, which is aimed at ensuring that only highly skilled workers are brought into the U.S. The new fee of $100,000 is intended to discourage the replacement of American workers and promote the hiring of domestic talent.","""I think they're going to be very happy,"" Trump said, anticipating the tech industry's response to the changes.
""One of the most abused visa systems is the H1-B non-immigrant visa programme. This is supposed to allow highly skilled labourers who work in fields that Americans don't work in to come into the United States of America. What this proclamation will do is raise the fee that companies pay to sponsor H-1B applicants to $100,000.""
""We need workers, we need great workers and this pretty much ensure that that's going to happen,"" Trump said."
Donald Trump,2025-09-20,"Donald Trump has reiterated his administration's commitment to imposing a high fee on H-1B visas, raising it from $215 to $100,000 annually. This significant increase is aimed at discouraging the hiring of foreign workers in favor of American talent. Trump believes that this move will ensure that companies prioritize hiring skilled American workers. He has claimed that the new fee will be beneficial for the U.S. workforce, despite concerns from tech companies about the potential negative impact on their operations. The administration has framed this fee increase as a response to what they describe as systemic abuse of the H-1B program.","President Donald Trump announced plans to impose a $100,000 annual fee on H-1B visas, threatening to upend the program that underpins America's technology workforce.
Trump argued that America needs 'great workers' and that the newly imposed fee 'pretty much ensures that that's what's going to happen.'
The move is expected to significantly impact Indian technology workers who are hired by tech companies and others on H-1B visas.
Trump stated, 'The company needs to decide... is the person valuable enough to have $100,000 a year payment to the government? Or they should head home and they should go hire an American.'
The Donald Trump administration's decision to sharply hike H-1B visa fees has resulted in top companies like Meta and Microsoft recalling their H-1B visa holders to the US.
Trump accused IT outsourcing firms of 'systemic abuse' of the H-1B programme and branded it a 'national security threat.'"
Donald Trump,2025-09-21,"Donald Trump has officially signed a proclamation imposing a $100,000 fee on H-1B visa applications, a significant increase aimed at curbing program abuse and protecting American jobs. This move is framed as a response to the perceived systemic abuse of the H-1B program, which Trump claims has led to the replacement of American workers with lower-paid foreign labor. The administration argues that the new fee will incentivize companies to hire American workers instead. This announcement has raised concerns among tech companies that rely on H-1B visa holders, as they are now advising their employees to avoid international travel or return to the U.S. before the policy takes effect. The White House has reiterated that this fee increase is part of a broader strategy to address national security threats and the undercutting of wages in the U.S. workforce.","U.S. President Donald Trump on Friday signed a proclamation raising the fee that companies pay to sponsor H-1B applicants to 100,000 dollars, saying the move is intended to ensure that the United States brings in highly skilled talent whom American workers cannot replace.
Following the announcement, companies such as Microsoft and Amazon have advised H-1B employees to avoid international travel or return to the United States before the policy takes effect.
Trump said that companies would rather not pay the new fee, and hiring Americans would serve that purpose. 'So there's an incentive to hire American,' he said.
The White House claims companies are replacing U.S. workers with lower-paid foreign labor, citing instances of layoffs alongside H-1B approvals.
Trump's $100,000 H-1B fee is economic suicide for America. It will force Indian talent to go home, taking with them skills, savings, and global experience.
The administration warned that continued misuse of the H-1B program could discourage future American workers from pursuing STEM careers, posing potential risks to national security."
Donald Trump,2025-09-22,"Donald Trump has reiterated his administration's commitment to the $100,000 fee on H-1B visas, emphasizing its role in curbing program abuse and promoting the hiring of American workers. This fee is positioned as a one-time charge for new applications, which has caused confusion among tech companies. Trump believes that the fee will incentivize companies to prioritize American talent over foreign workers, despite concerns about its potential negative impact on industries reliant on skilled foreign labor. The administration continues to frame this move as a necessary step to address systemic abuses of the H-1B program.","""In the US, the tech industry is contending with a sharp rise in H-1B visa fees. US President Donald Trump called for a sweeping overhaul of the H-1B visa program, including a $100,000 application fee, affecting tech companies that have long depended on the program to recruit global talent.""
""President Trump recently announced that he is raising the annual fee for H-1B visa applicants from $215 to $100,000 - potentially dealing a major blow to some US industries that rely on skilled foreign workers.""
""As President Donald Trump's H-1B visa fee plan rattles corporate America, Baird has data that can give clues on which technology and services sector companies could be hit the hardest.""
""It is therefore necessary to impose higher costs on companies seeking to use the H-1B program in order to address the abuse of that program while still permitting companies to hire the best of the best temporary foreign workers,"" Mr. Trump said in his order.
""Netflix's Reed Hastings surprisingly backs Trump's $100,000 H-1B visa fee, a move that sharply contrasts with the widespread Silicon Valley opposition."""
Donald Trump,2025-09-23,"Donald Trump has reiterated his administration's commitment to the $100,000 fee on H-1B visas, emphasizing its role in curbing program abuse and promoting the hiring of American workers. This fee is positioned as a one-time charge for new applications, which has caused confusion among tech companies. Trump believes that the fee will incentivize companies to prioritize American talent over foreign workers, despite concerns about its potential negative impact on industries reliant on skilled foreign labor. Analysts and company leaders have expressed concern about potential downsizing and workforce disruption, indicating that some companies might circumvent the fee by hiring talent in countries like India. This reflects a growing apprehension about the implications of the fee on the tech industry and the future of H-1B visa holders.","Trump claims companies will prefer to avoid paying the new fee, and hiring Americans would allow them to do so. ""So there's an incentive to hire Americans,"" he said.
H-1B visas have been a traditional funnel for Indian and Chinese talent into the US tech industry. After Donald Trump said visas for highly skilled workers would cost $100,000, prospective applicants are reconsidering.
Despite President Trump's statement that companies would be ""very happy"" about the order, analysts and company leaders expressed concern about potential downsizing and workforce disruption.
Some companies might work around the H-1B visa fee by hiring talent in countries like India, where Big Tech is already building innovation hubs, experts told Reuters."
Donald Trump,2025-09-24,"Donald Trump has announced a $100,000 fee for new H-1B visa applicants, reinforcing his administration's stance on curbing program abuse and promoting the hiring of American workers. This fee is intended to discourage the hiring of foreign workers and is framed as a necessary measure to protect U.S. jobs. The announcement has caused confusion among tech companies, which are concerned about the potential negative impact on their operations and may consider moving jobs overseas. Trump's assertion that the fee will encourage companies to prioritize American talent aligns with his previous statements regarding the need to address systemic abuses of the H-1B program.","On Friday, President Donald Trump's administration announced a $100,000 fee for all new recipients of H-1B visas, a type of nonimmigrant visa designed to help U.S. companies find employees with technical skills not common in the U.S.
Trump argued that the fee will encourage companies to hire American workers, instead of foreign ones.
The Trump administration's sharp increase in visa fees for H-1B workers has triggered concern among US technology companies, with many considering moving more jobs overseas.
Trump stated that 'abuse' of H-1B visas has facilitated an 'influx' of foreign labour in STEM that has undermined salaries and workplace conditions for US workers.
The fee hike sent H-1B holders into panic mode, prompting companies like Microsoft to ask employees abroad to rush back before midnight."
Donald Trump,2025-09-25,"Donald Trump has reiterated his administration's commitment to the $100,000 fee on H-1B visas, emphasizing its role in curbing program abuse and promoting the hiring of American workers. This fee is intended to discourage the hiring of foreign workers and is framed as a necessary measure to protect U.S. jobs. The announcement has caused confusion among tech companies, which are concerned about the potential negative impact on their operations and may consider moving jobs overseas. Trump's assertion that the fee will encourage companies to prioritize American talent aligns with his previous statements regarding the need to address systemic abuses of the H-1B program. Notably, Ajay Jain Bhutoria, an Indian entrepreneur, has expressed skepticism about the fee's effectiveness, suggesting it may lead to increased outsourcing and hurt startups.","Donald Trump has reiterated his administration's commitment to the $100,000 fee on H-1B visas, emphasizing its role in curbing program abuse and promoting the hiring of American workers.
Trump stated that the fee is intended to discourage the hiring of foreign workers and is framed as a necessary measure to protect U.S. jobs.
The announcement has caused confusion among tech companies, which are concerned about the potential negative impact on their operations and may consider moving jobs overseas.
Ajay Jain Bhutoria commented, ""Trump's proposed $100,000 H-1B fee will fail. Lawsuits are likely, and courts may strike it down since it doesn't comply with the Administrative Procedure Act rules, which require public notice and comment in the Federal Register."""
